NaN,NaN,NaN,NaN,NaN,NaN,NaN,NaN,NaN,NaN,NaN,NaN,NaN,NaN,NaN,NaN
NaN,NaN,NaN,NaN,NaN,NaN,NaN,NaN,NaN,NaN,NaN,NaN,NaN,NaN,NaN,NaN
NaN,NaN,NaN,NaN,NaN,NaN,NaN,NaN,NaN,NaN,NaN,NaN,NaN,NaN,NaN,NaN
NaN,NaN,NaN,NaN,NaN,NaN,NaN,NaN,NaN,NaN,NaN,NaN,NaN,NaN,NaN,NaN
NaN,NaN,NaN,NaN,NaN,NaN,NaN,NaN,NaN,NaN,NaN,NaN,NaN,NaN,NaN,NaN
NaN,NaN,NaN,NaN,NaN,NaN,NaN,NaN,NaN,NaN,NaN,NaN,NaN,NaN,NaN,NaN
NaN,NaN,NaN,NaN,NaN,NaN,NaN,NaN,NaN,NaN,NaN,NaN,NaN,NaN,NaN,NaN
NaN,NaN,NaN,NaN,NaN,NaN,NaN,NaN,NaN,NaN,NaN,NaN,NaN,NaN,NaN,NaN
-1,-1,-1,-1,-0.66958,-1.3168,-1.8076,-4.9999,-9.4172,-9.7077,-0.11924,-1.1587,2.935,2.3695,2.9901,2.987
NaN,NaN,NaN,NaN,NaN,NaN,NaN,NaN,NaN,NaN,NaN,NaN,NaN,NaN,NaN,NaN
-1,-1,-1,-1,-0.66958,-1.3168,-1.7989,-4.9999,-9.3618,-9.6678,-0.11924,-1.1984,2.9138,-0.97185,2.9893,2.9839
-1,-1,-1,-1,2.4513,-1.4738,-1.4154,-4.455,-5.3772,-9.8863,-0.11927,-0.78061,-2.9628,0.1043,2.9994,-1.0634
NaN,NaN,NaN,NaN,NaN,NaN,NaN,NaN,NaN,NaN,NaN,NaN,NaN,NaN,NaN,NaN
NaN,NaN,NaN,NaN,NaN,NaN,NaN,NaN,NaN,NaN,NaN,NaN,NaN,NaN,NaN,NaN
-1,-1,-1,-1,2.4513,-1.4738,-1.4167,-4.0562,-4.6474,-9.8246,-0.11927,-1.2018,-2.9828,0.10283,2.998,-0.64333
NaN,NaN,NaN,NaN,NaN,NaN,NaN,NaN,NaN,NaN,NaN,NaN,NaN,NaN,NaN,NaN
NaN,NaN,NaN,NaN,NaN,NaN,NaN,NaN,NaN,NaN,NaN,NaN,NaN,NaN,NaN,NaN
NaN,NaN,NaN,NaN,NaN,NaN,NaN,NaN,NaN,NaN,NaN,NaN,NaN,NaN,NaN,NaN
NaN,NaN,NaN,NaN,NaN,NaN,NaN,NaN,NaN,NaN,NaN,NaN,NaN,NaN,NaN,NaN
-1,-1,-1,-1,2.4536,-1.4738,-1.4148,-4.8855,-7.4058,-9.991,-0.11927,-1.8605,-6.4572,0.10323,2.9999,-2.7469
NaN,NaN,NaN,NaN,NaN,NaN,NaN,NaN,NaN,NaN,NaN,NaN,NaN,NaN,NaN,NaN
-1,-1,-1,-1,-0.66903,-1.3166,-0.31791,-5,-9.6057,-9.8246,-0.11954,1.7769,-4.8849,2.998,2.9991,-0.88409
-1,-1,-1,-1,-0.66958,-1.3168,-1.8074,-4.9999,-9.4172,-9.7077,-0.11924,-1.2089,2.9291,-0.99096,2.9918,2.987
NaN,NaN,NaN,NaN,NaN,NaN,NaN,NaN,NaN,NaN,NaN,NaN,NaN,NaN,NaN,NaN
-1,-1,-1,-1,2.8352,-1.4743,-1.872,-3.265,-6.5257,-9.8208,-0.11924,-1.3037,-2.8816,2.0167,2.9986,2.4547
NaN,NaN,NaN,NaN,NaN,NaN,NaN,NaN,NaN,NaN,NaN,NaN,NaN,NaN,NaN,NaN
NaN,NaN,NaN,NaN,NaN,NaN,NaN,NaN,NaN,NaN,NaN,NaN,NaN,NaN,NaN,NaN
-1,-1,-1,-1,2.848,-1.4743,-1.8962,-3.4985,-4.8337,-9.8312,-0.11924,-1.2603,-3.031,2.1265,2.9986,2.4799
-1,-1,-1,-1,2.4516,-1.4738,-1.417,-3.6496,-4.5956,-9.794,-0.11927,-1.2086,-3.1869,0.10317,2.9981,-0.57479
-1,-1,-1,-1,2.8466,-1.4743,-1.8934,-3.9594,-4.7654,-9.8546,-0.11924,-1.2151,-4.108,2.1143,2.9987,2.4772
-1,-1,-1,-1,2.4516,-1.4738,-1.4177,-3.6985,-4.6741,-9.8261,-0.11927,-1.2656,-3.5337,0.10608,2.9986,-0.39707
NaN,NaN,NaN,NaN,NaN,NaN,NaN,NaN,NaN,NaN,NaN,NaN,NaN,NaN,NaN,NaN
-1,-1,-1,-1,-0.66958,-1.3168,-1.8148,-4.9999,-9.3608,-9.6669,-0.11924,-1.2518,2.8705,-0.9988,2.9971,2.9779
NaN,NaN,NaN,NaN,NaN,NaN,NaN,NaN,NaN,NaN,NaN,NaN,NaN,NaN,NaN,NaN
NaN,NaN,NaN,NaN,NaN,NaN,NaN,NaN,NaN,NaN,NaN,NaN,NaN,NaN,NaN,NaN
-1,-1,-1,-1,-0.66958,-1.3168,-1.8029,-4.9999,-9.4172,-9.7077,-0.11924,-1.1299,2.9318,0.81076,2.9894,2.9868
-1,-1,-1,-1,2.4502,-1.4738,-1.416,-4.2987,-5.0192,-9.8476,-0.11927,-1.4403,-3.7512,0.10281,2.9973,-0.90813
NaN,NaN,NaN,NaN,NaN,NaN,NaN,NaN,NaN,NaN,NaN,NaN,NaN,NaN,NaN,NaN
-1,-1,-1,-1,-0.66958,-1.3168,-1.8203,-4.9999,-9.4171,-9.7077,-0.11924,-1.2426,2.893,2.9445,2.9978,2.9817
NaN,NaN,NaN,NaN,NaN,NaN,NaN,NaN,NaN,NaN,NaN,NaN,NaN,NaN,NaN,NaN
NaN,NaN,NaN,NaN,NaN,NaN,NaN,NaN,NaN,NaN,NaN,NaN,NaN,NaN,NaN,NaN
NaN,NaN,NaN,NaN,NaN,NaN,NaN,NaN,NaN,NaN,NaN,NaN,NaN,NaN,NaN,NaN
-1,-1,-1,-1,2.8439,-1.4743,-1.8882,-3.3972,-4.9979,-9.8204,-0.11924,-1.0849,-3.1001,2.0911,2.9984,2.4718
NaN,NaN,NaN,NaN,NaN,NaN,NaN,NaN,NaN,NaN,NaN,NaN,NaN,NaN,NaN,NaN
NaN,NaN,NaN,NaN,NaN,NaN,NaN,NaN,NaN,NaN,NaN,NaN,NaN,NaN,NaN,NaN
NaN,NaN,NaN,NaN,NaN,NaN,NaN,NaN,NaN,NaN,NaN,NaN,NaN,NaN,NaN,NaN
NaN,NaN,NaN,NaN,NaN,NaN,NaN,NaN,NaN,NaN,NaN,NaN,NaN,NaN,NaN,NaN
NaN,NaN,NaN,NaN,NaN,NaN,NaN,NaN,NaN,NaN,NaN,NaN,NaN,NaN,NaN,NaN
NaN,NaN,NaN,NaN,NaN,NaN,NaN,NaN,NaN,NaN,NaN,NaN,NaN,NaN,NaN,NaN
-1,-1,-1,-1,-0.66903,-1.3166,-0.31383,-5,-9.6383,-9.8412,-0.11954,1.7769,-4.2412,2.9985,2.9991,-1.1909
-1,-1,-1,-1,-0.66958,-1.3168,-1.8074,-4.9999,-9.3618,-9.6678,-0.11924,-1.2215,2.9095,-0.99032,2.9926,2.9837
NaN,NaN,NaN,NaN,NaN,NaN,NaN,NaN,NaN,NaN,NaN,NaN,NaN,NaN,NaN,NaN
NaN,NaN,NaN,NaN,NaN,NaN,NaN,NaN,NaN,NaN,NaN,NaN,NaN,NaN,NaN,NaN
NaN,NaN,NaN,NaN,NaN,NaN,NaN,NaN,NaN,NaN,NaN,NaN,NaN,NaN,NaN,NaN
-1,-1,-1,-1,-0.66958,-1.3168,-1.7939,-4.9999,-9.3618,-9.6678,-0.11924,-1.0751,2.917,-0.39686,2.9871,2.9839
NaN,NaN,NaN,NaN,NaN,NaN,NaN,NaN,NaN,NaN,NaN,NaN,NaN,NaN,NaN,NaN
NaN,NaN,NaN,NaN,NaN,NaN,NaN,NaN,NaN,NaN,NaN,NaN,NaN,NaN,NaN,NaN
NaN,NaN,NaN,NaN,NaN,NaN,NaN,NaN,NaN,NaN,NaN,NaN,NaN,NaN,NaN,NaN
-1,-1,-1,-1,-0.66958,-1.3168,-1.8307,-5,-9.6679,-9.8671,-0.11924,-1.3035,2.9768,-1.1121,2.9976,2.9959
-1,-1,-1,-1,2.4497,-1.4738,-1.4158,-4.2566,-4.8078,-9.8214,-0.11927,-1.0625,-3.0144,0.10238,2.9972,-0.88835
NaN,NaN,NaN,NaN,NaN,NaN,NaN,NaN,NaN,NaN,NaN,NaN,NaN,NaN,NaN,NaN
NaN,NaN,NaN,NaN,NaN,NaN,NaN,NaN,NaN,NaN,NaN,NaN,NaN,NaN,NaN,NaN
-1,-1,-1,-1,-0.66958,-1.3168,-1.8294,-5,-9.668,-9.8659,-0.11924,-1.5247,2.9763,-0.87087,2.9973,2.9958
NaN,NaN,NaN,NaN,NaN,NaN,NaN,NaN,NaN,NaN,NaN,NaN,NaN,NaN,NaN,NaN
NaN,NaN,NaN,NaN,NaN,NaN,NaN,NaN,NaN,NaN,NaN,NaN,NaN,NaN,NaN,NaN
NaN,NaN,NaN,NaN,NaN,NaN,NaN,NaN,NaN,NaN,NaN,NaN,NaN,NaN,NaN,NaN
NaN,NaN,NaN,NaN,NaN,NaN,NaN,NaN,NaN,NaN,NaN,NaN,NaN,NaN,NaN,NaN
-1,-1,-1,-1,-0.66958,-1.3168,-1.8033,-4.9999,-9.4172,-9.7077,-0.11924,-0.98979,2.9323,0.7337,2.9893,2.9867
-1,-1,-1,-1,2.4509,-1.4738,-1.417,-4.3465,-5.2669,-9.8763,-0.11927,-1.3041,-3.552,0.10521,2.9981,-0.54841
-1,-1,-1,-1,2.8509,-1.4743,-1.903,-3.7618,-4.6184,-9.8333,-0.11924,-1.3177,-4.0318,2.1559,2.9986,2.4863
-1,-1,-1,-1,-0.66958,-1.3168,-1.8026,-4.9999,-9.3618,-9.6678,-0.11924,-1.2183,2.9121,-1.033,2.9908,2.9839
NaN,NaN,NaN,NaN,NaN,NaN,NaN,NaN,NaN,NaN,NaN,NaN,NaN,NaN,NaN,NaN
NaN,NaN,NaN,NaN,NaN,NaN,NaN,NaN,NaN,NaN,NaN,NaN,NaN,NaN,NaN,NaN
-1,-1,-1,-1,-0.66958,-1.3168,-1.797,-4.9999,-9.4172,-9.7077,-0.11924,-1.1016,2.9296,0.096263,2.9895,2.9873
-1,-1,-1,-1,2.4541,-1.4738,-1.4177,-4.6742,-6.8757,-9.9583,-0.11927,-1.5657,-3.0854,0.10356,2.9996,-0.55894
NaN,NaN,NaN,NaN,NaN,NaN,NaN,NaN,NaN,NaN,NaN,NaN,NaN,NaN,NaN,NaN
NaN,NaN,NaN,NaN,NaN,NaN,NaN,NaN,NaN,NaN,NaN,NaN,NaN,NaN,NaN,NaN
NaN,NaN,NaN,NaN,NaN,NaN,NaN,NaN,NaN,NaN,NaN,NaN,NaN,NaN,NaN,NaN
NaN,NaN,NaN,NaN,NaN,NaN,NaN,NaN,NaN,NaN,NaN,NaN,NaN,NaN,NaN,NaN
NaN,NaN,NaN,NaN,NaN,NaN,NaN,NaN,NaN,NaN,NaN,NaN,NaN,NaN,NaN,NaN
NaN,NaN,NaN,NaN,NaN,NaN,NaN,NaN,NaN,NaN,NaN,NaN,NaN,NaN,NaN,NaN
NaN,NaN,NaN,NaN,NaN,NaN,NaN,NaN,NaN,NaN,NaN,NaN,NaN,NaN,NaN,NaN
NaN,NaN,NaN,NaN,NaN,NaN,NaN,NaN,NaN,NaN,NaN,NaN,NaN,NaN,NaN,NaN
NaN,NaN,NaN,NaN,NaN,NaN,NaN,NaN,NaN,NaN,NaN,NaN,NaN,NaN,NaN,NaN
NaN,NaN,NaN,NaN,NaN,NaN,NaN,NaN,NaN,NaN,NaN,NaN,NaN,NaN,NaN,NaN
NaN,NaN,NaN,NaN,NaN,NaN,NaN,NaN,NaN,NaN,NaN,NaN,NaN,NaN,NaN,NaN
NaN,NaN,NaN,NaN,NaN,NaN,NaN,NaN,NaN,NaN,NaN,NaN,NaN,NaN,NaN,NaN
NaN,NaN,NaN,NaN,NaN,NaN,NaN,NaN,NaN,NaN,NaN,NaN,NaN,NaN,NaN,NaN
NaN,NaN,NaN,NaN,NaN,NaN,NaN,NaN,NaN,NaN,NaN,NaN,NaN,NaN,NaN,NaN
NaN,NaN,NaN,NaN,NaN,NaN,NaN,NaN,NaN,NaN,NaN,NaN,NaN,NaN,NaN,NaN
NaN,NaN,NaN,NaN,NaN,NaN,NaN,NaN,NaN,NaN,NaN,NaN,NaN,NaN,NaN,NaN
NaN,NaN,NaN,NaN,NaN,NaN,NaN,NaN,NaN,NaN,NaN,NaN,NaN,NaN,NaN,NaN
-1,-1,-1,-1,-0.66958,-1.3168,-1.8018,-4.9999,-9.4172,-9.7077,-0.11924,-1.1075,2.9309,0.17519,2.9897,2.987
NaN,NaN,NaN,NaN,NaN,NaN,NaN,NaN,NaN,NaN,NaN,NaN,NaN,NaN,NaN,NaN
-1,-1,-1,-1,2.4507,-1.4738,-1.4172,-3.7233,-4.5743,-9.7809,-0.11927,-1.247,-2.362,0.10178,2.9977,-0.50705
NaN,NaN,NaN,NaN,NaN,NaN,NaN,NaN,NaN,NaN,NaN,NaN,NaN,NaN,NaN,NaN
NaN,NaN,NaN,NaN,NaN,NaN,NaN,NaN,NaN,NaN,NaN,NaN,NaN,NaN,NaN,NaN
-1,-1,-1,-1,-0.66958,-1.3168,-1.7998,-4.9999,-9.3618,-9.6678,-0.11924,-1.1988,2.9132,-0.98903,2.9897,2.9838
NaN,NaN,NaN,NaN,NaN,NaN,NaN,NaN,NaN,NaN,NaN,NaN,NaN,NaN,NaN,NaN
-1,-1,-1,-1,2.4533,-1.4738,-1.4174,-3.5814,-4.5636,-9.8069,-0.11927,-1.2068,-3.0449,0.10077,2.9983,-0.58235
NaN,NaN,NaN,NaN,NaN,NaN,NaN,NaN,NaN,NaN,NaN,NaN,NaN,NaN,NaN,NaN
NaN,NaN,NaN,NaN,NaN,NaN,NaN,NaN,NaN,NaN,NaN,NaN,NaN,NaN,NaN,NaN
NaN,NaN,NaN,NaN,NaN,NaN,NaN,NaN,NaN,NaN,NaN,NaN,NaN,NaN,NaN,NaN
NaN,NaN,NaN,NaN,NaN,NaN,NaN,NaN,NaN,NaN,NaN,NaN,NaN,NaN,NaN,NaN
-1,-1,-1,-1,-0.66868,-1.3164,0.21999,-4.9997,-8.9888,-9.3598,-0.12009,2.3133,-3.9755,-1.0239,2.9993,-0.85091
NaN,NaN,NaN,NaN,NaN,NaN,NaN,NaN,NaN,NaN,NaN,NaN,NaN,NaN,NaN,NaN
NaN,NaN,NaN,NaN,NaN,NaN,NaN,NaN,NaN,NaN,NaN,NaN,NaN,NaN,NaN,NaN
NaN,NaN,NaN,NaN,NaN,NaN,NaN,NaN,NaN,NaN,NaN,NaN,NaN,NaN,NaN,NaN
-1,-1,-1,-1,-0.66958,-1.3168,-1.8023,-4.9999,-9.3619,-9.6678,-0.11924,-1.2079,2.9121,-0.98256,2.9907,2.9838
NaN,NaN,NaN,NaN,NaN,NaN,NaN,NaN,NaN,NaN,NaN,NaN,NaN,NaN,NaN,NaN
-1,-1,-1,-1,2.4511,-1.4738,-1.4168,-3.5746,-4.3015,-9.7822,-0.11927,-1.1809,-1.9319,0.095202,2.9978,-0.69332
NaN,NaN,NaN,NaN,NaN,NaN,NaN,NaN,NaN,NaN,NaN,NaN,NaN,NaN,NaN,NaN
-1,-1,-1,-1,2.452,-1.4738,-1.4172,-4.2633,-5.0182,-9.8689,-0.11927,-1.2307,-2.9288,0.1036,2.9984,-0.53026
NaN,NaN,NaN,NaN,NaN,NaN,NaN,NaN,NaN,NaN,NaN,NaN,NaN,NaN,NaN,NaN
NaN,NaN,NaN,NaN,NaN,NaN,NaN,NaN,NaN,NaN,NaN,NaN,NaN,NaN,NaN,NaN
NaN,NaN,NaN,NaN,NaN,NaN,NaN,NaN,NaN,NaN,NaN,NaN,NaN,NaN,NaN,NaN
NaN,NaN,NaN,NaN,NaN,NaN,NaN,NaN,NaN,NaN,NaN,NaN,NaN,NaN,NaN,NaN
-1,-1,-1,-1,-0.66958,-1.3168,-1.8186,-4.9999,-9.417,-9.7075,-0.11924,-1.2594,2.8812,2.9469,2.998,2.9799
NaN,NaN,NaN,NaN,NaN,NaN,NaN,NaN,NaN,NaN,NaN,NaN,NaN,NaN,NaN,NaN
-1,-1,-1,-1,-0.66958,-1.3168,-1.799,-4.9999,-9.3618,-9.6678,-0.11924,-1.2025,2.9132,-0.99291,2.9894,2.9838
NaN,NaN,NaN,NaN,NaN,NaN,NaN,NaN,NaN,NaN,NaN,NaN,NaN,NaN,NaN,NaN
NaN,NaN,NaN,NaN,NaN,NaN,NaN,NaN,NaN,NaN,NaN,NaN,NaN,NaN,NaN,NaN
-1,-1,-1,-1,-0.66958,-1.3168,-1.8349,-5,-9.7133,-9.8911,-0.11924,-1.1784,2.9836,2.9868,2.9986,2.9971
NaN,NaN,NaN,NaN,NaN,NaN,NaN,NaN,NaN,NaN,NaN,NaN,NaN,NaN,NaN,NaN
-1,-1,-1,-1,2.8615,-1.4743,-1.9437,-5,-6.7917,-9.3475,-0.11924,0.61424,-0.98479,2.2978,2.9791,2.5071
-1,-1,-1,-1,2.399,-1.4738,-1.4627,-0.68968,-7.9399,-9.7468,-0.11927,-2.6623,-7.3351,-0.0091511,2.9978,-2.5495
-1,-1,-1,-1,2.452,-1.4738,-1.4173,-4.1365,-5.3579,-9.8391,-0.11927,-1.1969,-4.2218,0.10372,2.9981,-0.49253
NaN,NaN,NaN,NaN,NaN,NaN,NaN,NaN,NaN,NaN,NaN,NaN,NaN,NaN,NaN,NaN
NaN,NaN,NaN,NaN,NaN,NaN,NaN,NaN,NaN,NaN,NaN,NaN,NaN,NaN,NaN,NaN
-1,-1,-1,-1,-0.66964,-1.3169,2.6529,-4.9999,-9.2758,-9.6162,2.9632,2.9565,-4.5286,-0.94064,-1.0075,-1.0404
-1,-1,-1,-1,-0.66958,-1.3168,-1.8025,-4.9999,-9.4172,-9.7077,-0.11924,-1.0992,2.9316,0.021116,2.9895,2.9868
-1,-1,-1,-1,2.8437,-1.4743,-1.9175,-2.0271,-3.3424,-9.6199,-0.11924,-1.5479,-6.369,2.1834,2.9893,2.4858
-1,-1,-1,-1,-1.3506,-1.4439,-1.516,-3.411,-8.944,-9.3885,-0.11929,-1.2785,-5.1457,2.9405,2.9959,2.3353
NaN,NaN,NaN,NaN,NaN,NaN,NaN,NaN,NaN,NaN,NaN,NaN,NaN,NaN,NaN,NaN
-1,-1,-1,-1,2.4021,-1.4738,-1.4625,-0.69235,-4.4434,-9.8765,-0.11927,-1.3434,-9.6448,-0.0083971,2.9991,-2.4937
-1,-1,-1,-1,2.4533,-1.4738,-1.4176,-4.4789,-5.3596,-9.8929,-0.11927,-1.1706,-4.5304,0.10411,2.9995,-0.71373
NaN,NaN,NaN,NaN,NaN,NaN,NaN,NaN,NaN,NaN,NaN,NaN,NaN,NaN,NaN,NaN
NaN,NaN,NaN,NaN,NaN,NaN,NaN,NaN,NaN,NaN,NaN,NaN,NaN,NaN,NaN,NaN
NaN,NaN,NaN,NaN,NaN,NaN,NaN,NaN,NaN,NaN,NaN,NaN,NaN,NaN,NaN,NaN
-1,-1,-1,-1,-0.66958,-1.3168,-1.8414,-5,-9.9105,-9.9751,-0.11924,-1.3141,2.9958,-0.96899,3,2.9993
-1,-1,-1,-1,-0.66903,-1.3166,-0.31425,-5,-9.6667,-9.8576,-0.11954,1.7771,-4.4119,2.9987,2.9993,-1.3659
-1,-1,-1,-1,-0.66958,-1.3168,-1.8298,-5,-9.6682,-9.8662,-0.11924,-1.2653,2.9765,-0.9761,2.9974,2.9958
NaN,NaN,NaN,NaN,NaN,NaN,NaN,NaN,NaN,NaN,NaN,NaN,NaN,NaN,NaN,NaN
NaN,NaN,NaN,NaN,NaN,NaN,NaN,NaN,NaN,NaN,NaN,NaN,NaN,NaN,NaN,NaN
-1,-1,-1,-1,-0.66964,-1.3169,2.652,-4.9999,-9.3272,-9.6809,2.9609,2.9557,-2.434,-1.7539,-0.87665,-1.7995
NaN,NaN,NaN,NaN,NaN,NaN,NaN,NaN,NaN,NaN,NaN,NaN,NaN,NaN,NaN,NaN
-1,-1,-1,-1,-0.66958,-1.3168,-1.8137,-4.9999,-9.4171,-9.7076,-0.11924,-1.1805,2.9259,-1.0962,2.9941,2.9868
-1,-1,-1,-1,-1.3502,-1.4439,-1.5221,-3.411,-9.2692,-9.6453,-0.11929,-1.4128,-5.3471,2.9914,2.9977,2.3431
NaN,NaN,NaN,NaN,NaN,NaN,NaN,NaN,NaN,NaN,NaN,NaN,NaN,NaN,NaN,NaN
NaN,NaN,NaN,NaN,NaN,NaN,NaN,NaN,NaN,NaN,NaN,NaN,NaN,NaN,NaN,NaN
NaN,NaN,NaN,NaN,NaN,NaN,NaN,NaN,NaN,NaN,NaN,NaN,NaN,NaN,NaN,NaN
NaN,NaN,NaN,NaN,NaN,NaN,NaN,NaN,NaN,NaN,NaN,NaN,NaN,NaN,NaN,NaN
NaN,NaN,NaN,NaN,NaN,NaN,NaN,NaN,NaN,NaN,NaN,NaN,NaN,NaN,NaN,NaN
-1,-1,-1,-1,-0.6689,-1.3165,-0.42805,-4.9999,-9.2972,-9.6297,-0.11957,-0.82427,-3.8608,2.9971,2.8378,-1.1446
NaN,NaN,NaN,NaN,NaN,NaN,NaN,NaN,NaN,NaN,NaN,NaN,NaN,NaN,NaN,NaN
NaN,NaN,NaN,NaN,NaN,NaN,NaN,NaN,NaN,NaN,NaN,NaN,NaN,NaN,NaN,NaN
-1,-1,-1,-1,-0.66958,-1.3168,-1.8171,-4.9999,-9.3618,-9.6678,-0.11924,-1.2461,2.8905,2.9472,2.9965,2.981
-1,-1,-1,-1,2.454,-1.4738,-1.4177,-4.5737,-5.9239,-9.8279,-0.11927,-1.2469,-3.2348,0.10116,2.9978,-0.29636
-1,-1,-1,-1,-0.66958,-1.3168,-1.8217,-4.9999,-9.416,-9.7065,-0.11924,-1.2607,2.9082,-0.99004,2.9973,2.9842
NaN,NaN,NaN,NaN,NaN,NaN,NaN,NaN,NaN,NaN,NaN,NaN,NaN,NaN,NaN,NaN
NaN,NaN,NaN,NaN,NaN,NaN,NaN,NaN,NaN,NaN,NaN,NaN,NaN,NaN,NaN,NaN
-1,-1,-1,-1,2.9954,-1.4743,-1.9419,-4.7396,-9.9683,-9.9514,-0.11924,-1.2521,-2.7339,2.3143,2.9995,2.526
NaN,NaN,NaN,NaN,NaN,NaN,NaN,NaN,NaN,NaN,NaN,NaN,NaN,NaN,NaN,NaN
NaN,NaN,NaN,NaN,NaN,NaN,NaN,NaN,NaN,NaN,NaN,NaN,NaN,NaN,NaN,NaN
-1,-1,-1,-1,-0.66958,-1.3168,-1.8088,-4.9999,-9.4172,-9.7077,-0.11924,-1.2144,2.9294,-0.9928,2.9923,2.9871
-1,-1,-1,-1,2.9703,-1.4743,-1.83,-4.725,-7.129,-9.9616,-0.11925,-1.1457,-4.0114,1.7791,2.9995,2.4052
-1,-1,-1,-1,-0.66958,-1.3168,-1.802,-4.9999,-9.3618,-9.6678,-0.11924,-1.211,2.9118,-0.99259,2.9906,2.9838
NaN,NaN,NaN,NaN,NaN,NaN,NaN,NaN,NaN,NaN,NaN,NaN,NaN,NaN,NaN,NaN
-1,-1,-1,-1,-0.66958,-1.3168,-1.8332,-5,-9.6413,-9.8439,-0.11924,-1.299,2.9548,-0.99156,2.999,2.9922
NaN,NaN,NaN,NaN,NaN,NaN,NaN,NaN,NaN,NaN,NaN,NaN,NaN,NaN,NaN,NaN
-1,-1,-1,-1,-1.35,-1.4439,-1.5157,-3.411,-8.9518,-9.3932,-0.11929,-1.7032,-5.22,2.9403,2.9971,2.3355
-1,-1,-1,-1,-0.66903,-1.3166,-0.31032,-5,-9.5949,-9.8182,-0.11954,1.7784,-4.2999,2.9978,2.999,-0.97949
NaN,NaN,NaN,NaN,NaN,NaN,NaN,NaN,NaN,NaN,NaN,NaN,NaN,NaN,NaN,NaN
NaN,NaN,NaN,NaN,NaN,NaN,NaN,NaN,NaN,NaN,NaN,NaN,NaN,NaN,NaN,NaN
NaN,NaN,NaN,NaN,NaN,NaN,NaN,NaN,NaN,NaN,NaN,NaN,NaN,NaN,NaN,NaN
NaN,NaN,NaN,NaN,NaN,NaN,NaN,NaN,NaN,NaN,NaN,NaN,NaN,NaN,NaN,NaN
NaN,NaN,NaN,NaN,NaN,NaN,NaN,NaN,NaN,NaN,NaN,NaN,NaN,NaN,NaN,NaN
NaN,NaN,NaN,NaN,NaN,NaN,NaN,NaN,NaN,NaN,NaN,NaN,NaN,NaN,NaN,NaN
NaN,NaN,NaN,NaN,NaN,NaN,NaN,NaN,NaN,NaN,NaN,NaN,NaN,NaN,NaN,NaN
-1,-1,-1,-1,-0.66958,-1.3168,-1.8022,-4.9999,-9.4172,-9.7077,-0.11924,-1.1712,2.9313,1.8423,2.9896,2.9869
NaN,NaN,NaN,NaN,NaN,NaN,NaN,NaN,NaN,NaN,NaN,NaN,NaN,NaN,NaN,NaN
NaN,NaN,NaN,NaN,NaN,NaN,NaN,NaN,NaN,NaN,NaN,NaN,NaN,NaN,NaN,NaN
NaN,NaN,NaN,NaN,NaN,NaN,NaN,NaN,NaN,NaN,NaN,NaN,NaN,NaN,NaN,NaN
-1,-1,-1,-1,-0.66958,-1.3168,-1.8073,-4.9999,-9.4172,-9.7077,-0.11924,-1.21,2.93,-0.99532,2.9917,2.9871
-1,-1,-1,-1,-0.66958,-1.3168,-1.7902,-4.9999,-9.3618,-9.6678,-0.11924,-1.0533,2.914,-0.83187,2.9867,2.9837
NaN,NaN,NaN,NaN,NaN,NaN,NaN,NaN,NaN,NaN,NaN,NaN,NaN,NaN,NaN,NaN
NaN,NaN,NaN,NaN,NaN,NaN,NaN,NaN,NaN,NaN,NaN,NaN,NaN,NaN,NaN,NaN
-1,-1,-1,-1,-0.66903,-1.3166,-0.31728,-5,-9.6167,-9.8284,-0.11954,1.7771,-5.1119,2.998,2.9991,-0.85861
NaN,NaN,NaN,NaN,NaN,NaN,NaN,NaN,NaN,NaN,NaN,NaN,NaN,NaN,NaN,NaN
NaN,NaN,NaN,NaN,NaN,NaN,NaN,NaN,NaN,NaN,NaN,NaN,NaN,NaN,NaN,NaN
NaN,NaN,NaN,NaN,NaN,NaN,NaN,NaN,NaN,NaN,NaN,NaN,NaN,NaN,NaN,NaN
-1,-1,-1,-1,2.4526,-1.4738,-1.4169,-4.3435,-4.9895,-9.8573,-0.11927,-1.0042,-5.1652,0.10587,2.9996,-0.56837
NaN,NaN,NaN,NaN,NaN,NaN,NaN,NaN,NaN,NaN,NaN,NaN,NaN,NaN,NaN,NaN
NaN,NaN,NaN,NaN,NaN,NaN,NaN,NaN,NaN,NaN,NaN,NaN,NaN,NaN,NaN,NaN
NaN,NaN,NaN,NaN,NaN,NaN,NaN,NaN,NaN,NaN,NaN,NaN,NaN,NaN,NaN,NaN
NaN,NaN,NaN,NaN,NaN,NaN,NaN,NaN,NaN,NaN,NaN,NaN,NaN,NaN,NaN,NaN
NaN,NaN,NaN,NaN,NaN,NaN,NaN,NaN,NaN,NaN,NaN,NaN,NaN,NaN,NaN,NaN
NaN,NaN,NaN,NaN,NaN,NaN,NaN,NaN,NaN,NaN,NaN,NaN,NaN,NaN,NaN,NaN
NaN,NaN,NaN,NaN,NaN,NaN,NaN,NaN,NaN,NaN,NaN,NaN,NaN,NaN,NaN,NaN
-1,-1,-1,-1,2.4517,-1.4738,-1.4165,-3.601,-4.3961,-9.7692,-0.11927,-1.2033,-4.6845,0.1017,2.9978,-0.76098
-1,-1,-1,-1,-0.66958,-1.3168,-1.8103,-4.9999,-9.4171,-9.7076,-0.11924,-1.2243,2.9275,-1.0011,2.9929,2.9869
-1,-1,-1,-1,-0.66958,-1.3168,-1.8143,-4.9999,-9.3617,-9.6802,-0.11924,-1.2303,2.8616,-1.0004,2.9976,2.9766
NaN,NaN,NaN,NaN,NaN,NaN,NaN,NaN,NaN,NaN,NaN,NaN,NaN,NaN,NaN,NaN
NaN,NaN,NaN,NaN,NaN,NaN,NaN,NaN,NaN,NaN,NaN,NaN,NaN,NaN,NaN,NaN
-1,-1,-1,-1,2.4528,-1.4738,-1.4163,-4.7931,-5.8054,-9.9868,-0.11927,-1.592,-5.4551,0.10564,3,-0.97665
-1,-1,-1,-1,-0.66958,-1.3168,-1.8078,-4.9999,-9.3618,-9.6677,-0.11924,-1.0408,2.9085,-0.98859,2.9927,2.9836
NaN,NaN,NaN,NaN,NaN,NaN,NaN,NaN,NaN,NaN,NaN,NaN,NaN,NaN,NaN,NaN
NaN,NaN,NaN,NaN,NaN,NaN,NaN,NaN,NaN,NaN,NaN,NaN,NaN,NaN,NaN,NaN
NaN,NaN,NaN,NaN,NaN,NaN,NaN,NaN,NaN,NaN,NaN,NaN,NaN,NaN,NaN,NaN
NaN,NaN,NaN,NaN,NaN,NaN,NaN,NaN,NaN,NaN,NaN,NaN,NaN,NaN,NaN,NaN
-1,-1,-1,-1,2.4539,-1.4738,-1.4187,-4.0345,-4.7403,-9.8454,-0.11927,-1.2456,-3.3205,0.10333,2.9985,-0.29001
-1,-1,-1,-1,-0.66958,-1.3168,-1.8068,-4.9999,-9.4172,-9.7077,-0.11924,-1.2102,2.9292,-0.99281,2.9916,2.987
NaN,NaN,NaN,NaN,NaN,NaN,NaN,NaN,NaN,NaN,NaN,NaN,NaN,NaN,NaN,NaN
-1,-1,-1,-1,2.4498,-1.4738,-1.4156,-3.8065,-5.5663,-9.7951,-0.11927,-1.1658,-2.7118,0.10403,2.9981,-0.88161
NaN,NaN,NaN,NaN,NaN,NaN,NaN,NaN,NaN,NaN,NaN,NaN,NaN,NaN,NaN,NaN
NaN,NaN,NaN,NaN,NaN,NaN,NaN,NaN,NaN,NaN,NaN,NaN,NaN,NaN,NaN,NaN
NaN,NaN,NaN,NaN,NaN,NaN,NaN,NaN,NaN,NaN,NaN,NaN,NaN,NaN,NaN,NaN
NaN,NaN,NaN,NaN,NaN,NaN,NaN,NaN,NaN,NaN,NaN,NaN,NaN,NaN,NaN,NaN
-1,-1,-1,-1,-0.66958,-1.3168,-1.8063,-4.9999,-9.3618,-9.6678,-0.11924,-1.222,2.9115,-0.9948,2.9921,2.984
NaN,NaN,NaN,NaN,NaN,NaN,NaN,NaN,NaN,NaN,NaN,NaN,NaN,NaN,NaN,NaN
-1,-1,-1,-1,2.4498,-1.4738,-1.4158,-4.1773,-4.7792,-9.82,-0.11927,-1.1328,-3.5008,0.10265,2.9971,-0.88559
-1,-1,-1,-1,2.4491,-1.4738,-1.4165,-4.1821,-4.6797,-9.8041,-0.11927,-1.0836,-3.7746,0.10298,2.9962,-0.52089
-1,-1,-1,-1,2.4536,-1.4738,-1.4178,-3.527,-4.7039,-9.8252,-0.11927,-1.3442,-3.0971,0.10197,2.9986,-0.4899
NaN,NaN,NaN,NaN,NaN,NaN,NaN,NaN,NaN,NaN,NaN,NaN,NaN,NaN,NaN,NaN
NaN,NaN,NaN,NaN,NaN,NaN,NaN,NaN,NaN,NaN,NaN,NaN,NaN,NaN,NaN,NaN
NaN,NaN,NaN,NaN,NaN,NaN,NaN,NaN,NaN,NaN,NaN,NaN,NaN,NaN,NaN,NaN
-1,-1,-1,-1,-0.66903,-1.3166,-0.31777,-5,-9.5449,-9.8758,-0.11954,1.7764,-3.9242,2.9973,2.9987,-0.94879
-1,-1,-1,-1,2.8407,-1.4743,-1.8952,-1.6876,-1.6914,-9.7682,-0.11924,-1.4485,-2.3751,2.1015,2.9976,2.4741
-1,-1,-1,-1,-0.66958,-1.3168,-1.8363,-5,-9.712,-9.8839,-0.11924,-1.2962,2.979,-0.98952,2.9991,2.9963
-1,-1,-1,-1,-0.66958,-1.3168,-1.8024,-4.9999,-9.4172,-9.7077,-0.11924,-1.0992,2.9322,0.02149,2.9894,2.9869
-1,-1,-1,-1,2.4519,-1.4738,-1.416,-4.4534,-5.8715,-9.8924,-0.11927,-1.4541,-2.8638,0.10459,2.9995,-1.0873
NaN,NaN,NaN,NaN,NaN,NaN,NaN,NaN,NaN,NaN,NaN,NaN,NaN,NaN,NaN,NaN
NaN,NaN,NaN,NaN,NaN,NaN,NaN,NaN,NaN,NaN,NaN,NaN,NaN,NaN,NaN,NaN
-1,-1,-1,-1,0.62101,-1.2168,1.5261,-4.465,-6.8291,-1.4202,-1.0033,-1.9475,-4.6161,-4.1321,2.3674,1.401
-1,-1,-1,-1,2.45,-1.4738,-1.4158,-4.2325,-5.6437,-9.8495,-0.11927,-2.192,-5.9682,0.10393,2.9979,-1.8808
NaN,NaN,NaN,NaN,NaN,NaN,NaN,NaN,NaN,NaN,NaN,NaN,NaN,NaN,NaN,NaN
-1,-1,-1,-1,2.452,-1.4738,-1.4162,-3.6716,-5.2449,-9.8077,-0.11927,-1.0512,-3.6092,0.10192,2.9983,-0.90432
NaN,NaN,NaN,NaN,NaN,NaN,NaN,NaN,NaN,NaN,NaN,NaN,NaN,NaN,NaN,NaN
-1,-1,-1,-1,2.9985,-1.4745,2.9945,0.26555,-4.1652,-9.9824,1.1334,-0.893,-1.6016,0.92466,0.68029,-0.51943
-1,-1,-1,-1,2.4501,-1.4738,-1.4181,-4.1002,-4.8599,-9.8459,-0.11927,-1.2396,-2.131,0.10446,2.9983,-0.2796
-1,-1,-1,-1,2.4509,-1.4738,-1.4171,-3.3165,-4.5368,-9.7693,-0.11927,-1.2562,-3.1175,0.10421,2.998,-0.53817
-1,-1,-1,-1,2.4503,-1.4738,-1.4157,-3.8742,-6.1148,-9.7474,-0.11927,-4.8547,-5.8793,0.1022,2.9974,-2.3762
NaN,NaN,NaN,NaN,NaN,NaN,NaN,NaN,NaN,NaN,NaN,NaN,NaN,NaN,NaN,NaN
NaN,NaN,NaN,NaN,NaN,NaN,NaN,NaN,NaN,NaN,NaN,NaN,NaN,NaN,NaN,NaN
-1,-1,-1,-1,2.9999,-1.4745,2.9999,-4.9888,-0.098317,-9.9995,-1.714,-1.9352,-4.9601,-3.9385,2.8985,-1.9525
-1,-1,-1,-1,2.4502,-1.4738,-1.416,-2.6272,-3.4472,-9.7799,-0.11927,-0.96111,-2.0775,0.095177,2.998,-1.5484
NaN,NaN,NaN,NaN,NaN,NaN,NaN,NaN,NaN,NaN,NaN,NaN,NaN,NaN,NaN,NaN
-1,-1,-1,-1,-0.66868,-1.3164,0.21497,-4.9996,-8.9307,-9.3229,-0.12008,2.3123,-3.4521,-0.82787,2.9997,-0.96052
NaN,NaN,NaN,NaN,NaN,NaN,NaN,NaN,NaN,NaN,NaN,NaN,NaN,NaN,NaN,NaN
NaN,NaN,NaN,NaN,NaN,NaN,NaN,NaN,NaN,NaN,NaN,NaN,NaN,NaN,NaN,NaN
NaN,NaN,NaN,NaN,NaN,NaN,NaN,NaN,NaN,NaN,NaN,NaN,NaN,NaN,NaN,NaN
NaN,NaN,NaN,NaN,NaN,NaN,NaN,NaN,NaN,NaN,NaN,NaN,NaN,NaN,NaN,NaN
NaN,NaN,NaN,NaN,NaN,NaN,NaN,NaN,NaN,NaN,NaN,NaN,NaN,NaN,NaN,NaN
NaN,NaN,NaN,NaN,NaN,NaN,NaN,NaN,NaN,NaN,NaN,NaN,NaN,NaN,NaN,NaN
-1,-1,-1,-1,2.4513,-1.4738,-1.4173,-3.7156,-4.6428,-9.8482,-0.11927,-1.2649,-3.5619,0.10746,2.9991,-0.46018
NaN,NaN,NaN,NaN,NaN,NaN,NaN,NaN,NaN,NaN,NaN,NaN,NaN,NaN,NaN,NaN
NaN,NaN,NaN,NaN,NaN,NaN,NaN,NaN,NaN,NaN,NaN,NaN,NaN,NaN,NaN,NaN
-1,-1,-1,-1,2.4519,-1.4738,-1.4158,-3.2187,-9.3142,-9.8136,-0.11927,-0.96128,-8.9611,0.10418,2.9996,-1.463
NaN,NaN,NaN,NaN,NaN,NaN,NaN,NaN,NaN,NaN,NaN,NaN,NaN,NaN,NaN,NaN
NaN,NaN,NaN,NaN,NaN,NaN,NaN,NaN,NaN,NaN,NaN,NaN,NaN,NaN,NaN,NaN
-1,-1,-1,-1,2.4507,-1.4738,-1.4162,-3.4602,-4.2944,-9.7974,-0.11927,-3.9418,-2.0874,0.098559,2.9983,-1.2723
NaN,NaN,NaN,NaN,NaN,NaN,NaN,NaN,NaN,NaN,NaN,NaN,NaN,NaN,NaN,NaN
NaN,NaN,NaN,NaN,NaN,NaN,NaN,NaN,NaN,NaN,NaN,NaN,NaN,NaN,NaN,NaN
NaN,NaN,NaN,NaN,NaN,NaN,NaN,NaN,NaN,NaN,NaN,NaN,NaN,NaN,NaN,NaN
NaN,NaN,NaN,NaN,NaN,NaN,NaN,NaN,NaN,NaN,NaN,NaN,NaN,NaN,NaN,NaN
NaN,NaN,NaN,NaN,NaN,NaN,NaN,NaN,NaN,NaN,NaN,NaN,NaN,NaN,NaN,NaN
NaN,NaN,NaN,NaN,NaN,NaN,NaN,NaN,NaN,NaN,NaN,NaN,NaN,NaN,NaN,NaN
-1,-1,-1,-1,2.4501,-1.4738,-1.4161,-4.0664,-4.6481,-9.8076,-0.11927,-1.1588,-2.79,0.103,2.9976,-0.75301
-1,-1,-1,-1,-0.66958,-1.3168,-1.833,-5,-9.6587,-9.8531,-0.11924,-1.2989,2.9496,-0.98969,2.9992,2.9914
-1,-1,-1,-1,2.4454,-1.4738,-1.4183,-1.8507,-6.9616,-9.6948,-0.11927,-2.5483,-6.9155,0.096028,2.9965,-2.4588
-1,-1,-1,-1,-0.66958,-1.3168,-1.8111,-4.9999,-9.4172,-9.7077,-0.11924,-1.2463,2.9273,-0.97466,2.9932,2.9869
-1,-1,-1,-1,-0.66958,-1.3168,-1.8367,-5,-9.6954,-9.9828,-0.11924,-1.2956,2.9792,-0.98037,2.9992,2.9964
NaN,NaN,NaN,NaN,NaN,NaN,NaN,NaN,NaN,NaN,NaN,NaN,NaN,NaN,NaN,NaN
NaN,NaN,NaN,NaN,NaN,NaN,NaN,NaN,NaN,NaN,NaN,NaN,NaN,NaN,NaN,NaN
NaN,NaN,NaN,NaN,NaN,NaN,NaN,NaN,NaN,NaN,NaN,NaN,NaN,NaN,NaN,NaN
NaN,NaN,NaN,NaN,NaN,NaN,NaN,NaN,NaN,NaN,NaN,NaN,NaN,NaN,NaN,NaN
NaN,NaN,NaN,NaN,NaN,NaN,NaN,NaN,NaN,NaN,NaN,NaN,NaN,NaN,NaN,NaN
-1,-1,-1,-1,2.4521,-1.4738,-1.4156,-4.0609,-5.9386,-9.8749,-0.11927,-1.1589,-4.1276,0.10271,2.999,-2.1673
NaN,NaN,NaN,NaN,NaN,NaN,NaN,NaN,NaN,NaN,NaN,NaN,NaN,NaN,NaN,NaN
NaN,NaN,NaN,NaN,NaN,NaN,NaN,NaN,NaN,NaN,NaN,NaN,NaN,NaN,NaN,NaN
NaN,NaN,NaN,NaN,NaN,NaN,NaN,NaN,NaN,NaN,NaN,NaN,NaN,NaN,NaN,NaN
-1,-1,-1,-1,1.05,2.8957,-3.5864,-3.7271,-3.0549,-1.5278,-0.11923,1.4785,-0.25562,-0.14399,2.7141,-0.92111
NaN,NaN,NaN,NaN,NaN,NaN,NaN,NaN,NaN,NaN,NaN,NaN,NaN,NaN,NaN,NaN
-1,-1,-1,-1,-0.66903,-1.3166,-0.31451,-4.9999,-9.4139,-9.6989,-0.11954,1.7788,-3.5595,2.9951,2.9985,-0.85321
-1,-1,-1,-1,2.6255,-1.4744,-2.4174,0.65972,-4.0877,-9.8204,-0.11924,-1.3078,-4.1368,2.0277,2.9985,2.5156
NaN,NaN,NaN,NaN,NaN,NaN,NaN,NaN,NaN,NaN,NaN,NaN,NaN,NaN,NaN,NaN
NaN,NaN,NaN,NaN,NaN,NaN,NaN,NaN,NaN,NaN,NaN,NaN,NaN,NaN,NaN,NaN
-1,-1,-1,-1,2.4523,-1.4738,-1.4169,-4.1635,-4.7943,-9.8471,-0.11927,-1.1948,-3.8712,0.1069,3,-0.6635
NaN,NaN,NaN,NaN,NaN,NaN,NaN,NaN,NaN,NaN,NaN,NaN,NaN,NaN,NaN,NaN
NaN,NaN,NaN,NaN,NaN,NaN,NaN,NaN,NaN,NaN,NaN,NaN,NaN,NaN,NaN,NaN
NaN,NaN,NaN,NaN,NaN,NaN,NaN,NaN,NaN,NaN,NaN,NaN,NaN,NaN,NaN,NaN
NaN,NaN,NaN,NaN,NaN,NaN,NaN,NaN,NaN,NaN,NaN,NaN,NaN,NaN,NaN,NaN
NaN,NaN,NaN,NaN,NaN,NaN,NaN,NaN,NaN,NaN,NaN,NaN,NaN,NaN,NaN,NaN
-1,-1,-1,-1,2.4513,-1.4738,-1.4169,-2.9247,-4.0536,-9.7543,-0.11927,-1.2182,-3.8358,0.10151,2.9976,-0.67206
NaN,NaN,NaN,NaN,NaN,NaN,NaN,NaN,NaN,NaN,NaN,NaN,NaN,NaN,NaN,NaN
-1,-1,-1,-1,-0.66867,-1.3164,0.21179,-4.9996,-9.2615,-9.394,-0.12008,2.3075,-3.1459,-0.83087,2.9949,-0.98589
-1,-1,-1,-1,-0.66903,-1.3166,-0.31936,-5,-9.5646,-9.7972,-0.11954,1.7752,-4.8458,2.9978,2.9987,-1.1447
NaN,NaN,NaN,NaN,NaN,NaN,NaN,NaN,NaN,NaN,NaN,NaN,NaN,NaN,NaN,NaN
NaN,NaN,NaN,NaN,NaN,NaN,NaN,NaN,NaN,NaN,NaN,NaN,NaN,NaN,NaN,NaN
-1,-1,-1,-1,2.4522,-1.4738,-1.4169,-4.4133,-5.2952,-9.8702,-0.11927,-0.97033,-1.9799,0.098298,2.9994,-0.65652
NaN,NaN,NaN,NaN,NaN,NaN,NaN,NaN,NaN,NaN,NaN,NaN,NaN,NaN,NaN,NaN
-1,-1,-1,-1,-0.66958,-1.3168,-1.8085,-4.9999,-9.4172,-9.7077,-0.11924,-1.2098,2.9298,-0.9928,2.9922,2.9872
-1,-1,-1,-1,-0.66958,-1.3168,-1.7999,-4.9999,-9.4172,-9.7077,-0.11924,-1.0847,2.9324,-0.29891,2.9894,2.9874
-1,-1,-1,-1,-0.66958,-1.3168,-1.8133,-4.9999,-9.4172,-9.7077,-0.11924,-1.228,2.9297,-0.99206,2.9938,2.9874
-1,-1,-1,-1,2.4503,-1.4738,-1.4157,-4.2631,-5.143,-9.8457,-0.11927,-1.5365,-2.4328,0.099954,2.9975,-1.4772
NaN,NaN,NaN,NaN,NaN,NaN,NaN,NaN,NaN,NaN,NaN,NaN,NaN,NaN,NaN,NaN
-1,-1,-1,-1,-0.66958,-1.3168,-1.8024,-4.9999,-9.4172,-9.7077,-0.11924,-1.0928,2.9321,-0.024169,2.9894,2.9869
-1,-1,-1,-1,2.4522,-1.4738,-1.4162,-4.3924,-5.0803,-9.8563,-0.11927,-0.99695,-2.5761,0.10353,2.9996,-0.84215
NaN,NaN,NaN,NaN,NaN,NaN,NaN,NaN,NaN,NaN,NaN,NaN,NaN,NaN,NaN,NaN
NaN,NaN,NaN,NaN,NaN,NaN,NaN,NaN,NaN,NaN,NaN,NaN,NaN,NaN,NaN,NaN
NaN,NaN,NaN,NaN,NaN,NaN,NaN,NaN,NaN,NaN,NaN,NaN,NaN,NaN,NaN,NaN
NaN,NaN,NaN,NaN,NaN,NaN,NaN,NaN,NaN,NaN,NaN,NaN,NaN,NaN,NaN,NaN
-1,-1,-1,-1,-0.66958,-1.3168,-1.8021,-4.9999,-9.4172,-9.7077,-0.11924,-1.0945,2.9326,-0.080873,2.9893,2.987
-1,-1,-1,-1,-0.66925,-1.3168,2.9925,-5,-9.7451,-9.9062,-0.14495,-0.96518,0.6727,1.0211,-1.3523,-1.0219
NaN,NaN,NaN,NaN,NaN,NaN,NaN,NaN,NaN,NaN,NaN,NaN,NaN,NaN,NaN,NaN
NaN,NaN,NaN,NaN,NaN,NaN,NaN,NaN,NaN,NaN,NaN,NaN,NaN,NaN,NaN,NaN
-1,-1,-1,-1,1.6809,1.3183,-4.0536,-4.4458,-5.6073,-6.7807,-0.11923,-1.6319,-2.7861,1.6304,2.9758,-0.76393
-1,-1,-1,-1,2.451,-1.4738,-1.4161,-4.461,-5.2231,-9.8861,-0.11927,-1.2346,-2.7114,0.099466,2.9971,-0.95441
NaN,NaN,NaN,NaN,NaN,NaN,NaN,NaN,NaN,NaN,NaN,NaN,NaN,NaN,NaN,NaN
-1,-1,-1,-1,-0.66958,-1.3168,-1.8353,-5,-9.7252,-9.8915,-0.11924,-1.2887,2.9805,-0.95532,2.9988,2.9966
NaN,NaN,NaN,NaN,NaN,NaN,NaN,NaN,NaN,NaN,NaN,NaN,NaN,NaN,NaN,NaN
-1,-1,-1,-1,2.8375,2.644,2.2795,-4.2661,-4.4492,-4.5804,-0.12328,-0.27873,0.69313,2.6963,-1.2999,-0.41884
-1,-1,-1,-1,-0.19404,-1.6093,-5,-5,-9.9951,-5.1963,-0.10431,-4.9974,-9.999,-5,0.40513,-4.9889
NaN,NaN,NaN,NaN,NaN,NaN,NaN,NaN,NaN,NaN,NaN,NaN,NaN,NaN,NaN,NaN
-1,-1,-1,-1,2.4527,-1.4738,-1.4165,-4.1412,-4.7026,-9.8054,-0.11927,-1.1105,-3.3973,0.10195,2.9986,-0.82489
NaN,NaN,NaN,NaN,NaN,NaN,NaN,NaN,NaN,NaN,NaN,NaN,NaN,NaN,NaN,NaN
NaN,NaN,NaN,NaN,NaN,NaN,NaN,NaN,NaN,NaN,NaN,NaN,NaN,NaN,NaN,NaN
NaN,NaN,NaN,NaN,NaN,NaN,NaN,NaN,NaN,NaN,NaN,NaN,NaN,NaN,NaN,NaN
-1,-1,-1,-1,-0.66903,-1.3166,-0.31574,-5,-9.5982,-9.8143,-0.11954,1.7728,-5.215,2.9987,2.9979,-1.351
NaN,NaN,NaN,NaN,NaN,NaN,NaN,NaN,NaN,NaN,NaN,NaN,NaN,NaN,NaN,NaN
NaN,NaN,NaN,NaN,NaN,NaN,NaN,NaN,NaN,NaN,NaN,NaN,NaN,NaN,NaN,NaN
NaN,NaN,NaN,NaN,NaN,NaN,NaN,NaN,NaN,NaN,NaN,NaN,NaN,NaN,NaN,NaN
NaN,NaN,NaN,NaN,NaN,NaN,NaN,NaN,NaN,NaN,NaN,NaN,NaN,NaN,NaN,NaN
NaN,NaN,NaN,NaN,NaN,NaN,NaN,NaN,NaN,NaN,NaN,NaN,NaN,NaN,NaN,NaN
-1,-1,-1,-1,-0.66958,-1.3168,-1.8364,-5,-9.7302,-9.9937,-0.11924,-1.2522,2.9551,-1.018,3,2.9923
-1,-1,-1,-1,2.8364,-1.4743,-1.8733,-3.5392,-4.5464,-9.8396,-0.11924,-1.306,-4.9583,2.0242,2.9987,2.4566
-1,-1,-1,-1,2.9981,-1.4745,2.9943,0.27111,-9.8023,-9.9807,0.8319,-0.63413,-8.6411,0.9245,1.4881,-3.7824
NaN,NaN,NaN,NaN,NaN,NaN,NaN,NaN,NaN,NaN,NaN,NaN,NaN,NaN,NaN,NaN
NaN,NaN,NaN,NaN,NaN,NaN,NaN,NaN,NaN,NaN,NaN,NaN,NaN,NaN,NaN,NaN
NaN,NaN,NaN,NaN,NaN,NaN,NaN,NaN,NaN,NaN,NaN,NaN,NaN,NaN,NaN,NaN
NaN,NaN,NaN,NaN,NaN,NaN,NaN,NaN,NaN,NaN,NaN,NaN,NaN,NaN,NaN,NaN
-1,-1,-1,-1,-0.66958,-1.3168,-1.8338,-5,-9.7043,-9.8834,-0.11924,-1.2854,2.9793,-0.9948,2.9984,2.9964
-1,-1,-1,-1,1.7715,2.0664,-4.4627,-4.8903,-6.2597,-6.6656,-0.11923,-0.60348,0.51039,-0.040836,2.9996,-1.5708
-1,-1,-1,-1,-0.66958,-1.3168,-1.8064,-4.9999,-9.4172,-9.7077,-0.11924,-1.2053,2.9293,-0.9861,2.9914,2.987
NaN,NaN,NaN,NaN,NaN,NaN,NaN,NaN,NaN,NaN,NaN,NaN,NaN,NaN,NaN,NaN
NaN,NaN,NaN,NaN,NaN,NaN,NaN,NaN,NaN,NaN,NaN,NaN,NaN,NaN,NaN,NaN
NaN,NaN,NaN,NaN,NaN,NaN,NaN,NaN,NaN,NaN,NaN,NaN,NaN,NaN,NaN,NaN
NaN,NaN,NaN,NaN,NaN,NaN,NaN,NaN,NaN,NaN,NaN,NaN,NaN,NaN,NaN,NaN
NaN,NaN,NaN,NaN,NaN,NaN,NaN,NaN,NaN,NaN,NaN,NaN,NaN,NaN,NaN,NaN
-1,-1,-1,-1,2.849,-1.4743,-1.8985,-4.3876,-5.4962,-9.883,-0.11924,-0.98602,-4.2377,2.1372,2.9977,2.4818
-1,-1,-1,-1,-1.3501,-1.4439,-1.5158,-3.411,-8.9086,-9.355,-0.11929,-1.2939,-5.2587,2.9375,2.9951,2.3339
-1,-1,-1,-1,-0.66958,-1.3168,-1.835,-5,-9.7089,-9.8878,-0.11924,-0.90118,2.9588,-1.1697,2.9994,2.9929
-1,-1,-1,-1,2.5835,-1.4744,-2.2394,0.57627,-3.6848,-9.8056,-0.11924,-1.1491,-2.6628,1.6453,2.9982,2.4655
NaN,NaN,NaN,NaN,NaN,NaN,NaN,NaN,NaN,NaN,NaN,NaN,NaN,NaN,NaN,NaN
-1,-1,-1,-1,2.4434,-1.4738,-1.4142,-3.838,-4.6514,-9.6407,-0.11927,-0.93917,-3.621,0.10165,2.993,-0.91013
-1,-1,-1,-1,2.454,-1.4738,-1.4176,-4.0698,-4.6896,-9.8411,-0.11927,-1.2259,-3.4395,0.10475,3,-0.54407
-1,-1,-1,-1,-0.66965,-1.3169,2.707,-5,-9.882,-9.9662,2.998,2.9977,-4.263,2.9871,-1.3451,-1.1045
NaN,NaN,NaN,NaN,NaN,NaN,NaN,NaN,NaN,NaN,NaN,NaN,NaN,NaN,NaN,NaN
-1,-1,-1,-1,-0.66958,-1.3168,-1.7946,-4.9999,-9.3618,-9.6678,-0.11924,-1.1653,2.916,1.4142,2.987,2.9836
NaN,NaN,NaN,NaN,NaN,NaN,NaN,NaN,NaN,NaN,NaN,NaN,NaN,NaN,NaN,NaN
NaN,NaN,NaN,NaN,NaN,NaN,NaN,NaN,NaN,NaN,NaN,NaN,NaN,NaN,NaN,NaN
NaN,NaN,NaN,NaN,NaN,NaN,NaN,NaN,NaN,NaN,NaN,NaN,NaN,NaN,NaN,NaN
-1,-1,-1,-1,-0.6691,-1.3166,-0.38825,-5,-9.632,-9.8463,-0.1195,-1.4013,-0.22642,-2.5275,2.9996,-2.2396
NaN,NaN,NaN,NaN,NaN,NaN,NaN,NaN,NaN,NaN,NaN,NaN,NaN,NaN,NaN,NaN
-1,-1,-1,-1,-0.6691,-1.3166,-0.38789,-5,-9.9925,-9.9978,-0.1195,-1.503,-0.22635,0.19169,3,-1.8506
NaN,NaN,NaN,NaN,NaN,NaN,NaN,NaN,NaN,NaN,NaN,NaN,NaN,NaN,NaN,NaN
-1,-1,-1,-1,-0.66958,-1.3168,-1.8005,-4.9999,-9.4172,-9.7077,-0.11924,-1.0927,2.9323,-0.16849,2.9894,2.9873
NaN,NaN,NaN,NaN,NaN,NaN,NaN,NaN,NaN,NaN,NaN,NaN,NaN,NaN,NaN,NaN
-1,-1,-1,-1,-0.6691,-1.3166,-0.38807,-5,-9.6973,-9.8789,-0.1195,-1.8581,-0.22623,-0.42315,2.9997,-1.4044
-1,-1,-1,-1,-0.66958,-1.3168,-1.7998,-4.9999,-9.3598,-9.666,-0.11924,-1.4251,2.9079,-0.89294,2.9898,2.9829
-1,-1,-1,-1,-0.66958,-1.3168,-1.8063,-4.9999,-9.3618,-9.6678,-0.11924,-1.2223,2.9096,-0.99021,2.9922,2.9837
-1,-1,-1,-1,2.4561,-1.4738,-1.4116,-3.6701,-4.4449,-9.7926,-0.11927,-1.1498,-3.9586,0.096169,2.9981,-0.61254
NaN,NaN,NaN,NaN,NaN,NaN,NaN,NaN,NaN,NaN,NaN,NaN,NaN,NaN,NaN,NaN
NaN,NaN,NaN,NaN,NaN,NaN,NaN,NaN,NaN,NaN,NaN,NaN,NaN,NaN,NaN,NaN
NaN,NaN,NaN,NaN,NaN,NaN,NaN,NaN,NaN,NaN,NaN,NaN,NaN,NaN,NaN,NaN
NaN,NaN,NaN,NaN,NaN,NaN,NaN,NaN,NaN,NaN,NaN,NaN,NaN,NaN,NaN,NaN
-1,-1,-1,-1,2.8159,-1.4743,-1.8352,-4.4022,-5.3608,-9.8777,-0.11924,-1.297,-2.4839,1.8498,2.9975,2.4135
-1,-1,-1,-1,-0.66958,-1.3168,-1.8023,-4.9999,-9.4172,-9.7077,-0.11924,-1.0927,2.9326,-0.10447,2.9894,2.9869
NaN,NaN,NaN,NaN,NaN,NaN,NaN,NaN,NaN,NaN,NaN,NaN,NaN,NaN,NaN,NaN
NaN,NaN,NaN,NaN,NaN,NaN,NaN,NaN,NaN,NaN,NaN,NaN,NaN,NaN,NaN,NaN
NaN,NaN,NaN,NaN,NaN,NaN,NaN,NaN,NaN,NaN,NaN,NaN,NaN,NaN,NaN,NaN
NaN,NaN,NaN,NaN,NaN,NaN,NaN,NaN,NaN,NaN,NaN,NaN,NaN,NaN,NaN,NaN
NaN,NaN,NaN,NaN,NaN,NaN,NaN,NaN,NaN,NaN,NaN,NaN,NaN,NaN,NaN,NaN
-1,-1,-1,-1,-0.66958,-1.3168,-1.8119,-4.9999,-9.4171,-9.7076,-0.11924,-1.1927,2.9266,-1.0275,2.9935,2.9868
-1,-1,-1,-1,-0.66958,-1.3168,-1.8006,-4.9999,-9.3618,-9.6678,-0.11924,-1.2006,2.9129,-0.99219,2.99,2.9839
NaN,NaN,NaN,NaN,NaN,NaN,NaN,NaN,NaN,NaN,NaN,NaN,NaN,NaN,NaN,NaN
NaN,NaN,NaN,NaN,NaN,NaN,NaN,NaN,NaN,NaN,NaN,NaN,NaN,NaN,NaN,NaN
NaN,NaN,NaN,NaN,NaN,NaN,NaN,NaN,NaN,NaN,NaN,NaN,NaN,NaN,NaN,NaN
NaN,NaN,NaN,NaN,NaN,NaN,NaN,NaN,NaN,NaN,NaN,NaN,NaN,NaN,NaN,NaN
NaN,NaN,NaN,NaN,NaN,NaN,NaN,NaN,NaN,NaN,NaN,NaN,NaN,NaN,NaN,NaN
NaN,NaN,NaN,NaN,NaN,NaN,NaN,NaN,NaN,NaN,NaN,NaN,NaN,NaN,NaN,NaN
-1,-1,-1,-1,2.4526,-1.4738,-1.4178,-4.9171,-9.978,-9.9897,-0.11927,-2.1379,-6.8092,0.10477,2.9998,-2.6932
NaN,NaN,NaN,NaN,NaN,NaN,NaN,NaN,NaN,NaN,NaN,NaN,NaN,NaN,NaN,NaN
NaN,NaN,NaN,NaN,NaN,NaN,NaN,NaN,NaN,NaN,NaN,NaN,NaN,NaN,NaN,NaN
NaN,NaN,NaN,NaN,NaN,NaN,NaN,NaN,NaN,NaN,NaN,NaN,NaN,NaN,NaN,NaN
-1,-1,-1,-1,2.4534,-1.4738,-1.4135,-4.0107,-4.1876,-9.9605,-0.11927,-1.9797,-3.1273,0.10331,3,-2.0667
NaN,NaN,NaN,NaN,NaN,NaN,NaN,NaN,NaN,NaN,NaN,NaN,NaN,NaN,NaN,NaN
-1,-1,-1,-1,-0.66958,-1.3168,-1.8165,-4.9999,-9.3611,-9.6672,-0.11924,-1.257,2.8862,-0.99074,2.9966,2.9803
NaN,NaN,NaN,NaN,NaN,NaN,NaN,NaN,NaN,NaN,NaN,NaN,NaN,NaN,NaN,NaN
-1,-1,-1,-1,2.451,-1.4738,-1.4161,-4.1675,-4.7091,-9.8197,-0.11927,-1.1196,-3.0095,0.10048,2.9972,-0.85912
NaN,NaN,NaN,NaN,NaN,NaN,NaN,NaN,NaN,NaN,NaN,NaN,NaN,NaN,NaN,NaN
NaN,NaN,NaN,NaN,NaN,NaN,NaN,NaN,NaN,NaN,NaN,NaN,NaN,NaN,NaN,NaN
NaN,NaN,NaN,NaN,NaN,NaN,NaN,NaN,NaN,NaN,NaN,NaN,NaN,NaN,NaN,NaN
-1,-1,-1,-1,-0.6689,-1.3165,-0.42839,-4.9999,-9.3134,-9.6361,-0.11957,-0.65959,-3.6782,2.9971,2.838,-1.1227
-1,-1,-1,-1,-0.66958,-1.3168,-1.8236,-4.9999,-9.4166,-9.707,-0.11924,-1.2596,2.9189,-0.94011,2.9972,2.9858
-1,-1,-1,-1,2.4504,-1.4738,-1.4151,-4.2714,-5.0304,-9.8481,-0.11927,-0.90465,-7.7503,0.10165,2.9976,-1.4761
NaN,NaN,NaN,NaN,NaN,NaN,NaN,NaN,NaN,NaN,NaN,NaN,NaN,NaN,NaN,NaN
NaN,NaN,NaN,NaN,NaN,NaN,NaN,NaN,NaN,NaN,NaN,NaN,NaN,NaN,NaN,NaN
-1,-1,-1,-1,2.9997,-1.4744,2.9999,-4.9015,-6.5197,-9.9917,-0.13603,-0.36911,-2.0031,2.1956,2.9994,-1.0373
-1,-1,-1,-1,2.9999,-1.4745,2.9999,-4.6024,-0.099218,-9.9996,-3.5892,-2.7947,-7.7596,-4.5779,0.54314,-1.6128
-1,-1,-1,-1,-0.66958,-1.3168,-1.8178,-4.9999,-9.417,-9.7075,-0.11924,-1.2432,2.9228,-0.9902,2.9955,2.9864
NaN,NaN,NaN,NaN,NaN,NaN,NaN,NaN,NaN,NaN,NaN,NaN,NaN,NaN,NaN,NaN
NaN,NaN,NaN,NaN,NaN,NaN,NaN,NaN,NaN,NaN,NaN,NaN,NaN,NaN,NaN,NaN
NaN,NaN,NaN,NaN,NaN,NaN,NaN,NaN,NaN,NaN,NaN,NaN,NaN,NaN,NaN,NaN
-1,-1,-1,-1,-0.66958,-1.3168,-1.8314,-5,-9.6685,-9.8666,-0.11924,-1.2182,2.9342,1.9573,2.9994,2.9888
NaN,NaN,NaN,NaN,NaN,NaN,NaN,NaN,NaN,NaN,NaN,NaN,NaN,NaN,NaN,NaN
-1,-1,-1,-1,-0.66903,-1.3166,-0.31764,-5,-9.5603,-9.7957,-0.11954,1.7762,-5.4544,2.9978,2.9987,-0.86564
-1,-1,-1,-1,-0.66958,-1.3168,-1.8317,-5,-9.7415,-9.9029,-0.11924,-1.1182,2.9846,2.819,2.9976,2.9972
NaN,NaN,NaN,NaN,NaN,NaN,NaN,NaN,NaN,NaN,NaN,NaN,NaN,NaN,NaN,NaN
NaN,NaN,NaN,NaN,NaN,NaN,NaN,NaN,NaN,NaN,NaN,NaN,NaN,NaN,NaN,NaN
-1,-1,-1,-1,2.4501,-1.4738,-1.4157,-4.1391,-4.9677,-9.7925,-0.11927,-1.0907,-3.4631,0.10053,2.9965,-0.83144
NaN,NaN,NaN,NaN,NaN,NaN,NaN,NaN,NaN,NaN,NaN,NaN,NaN,NaN,NaN,NaN
-1,-1,-1,-1,-0.66958,-1.3168,-1.8067,-4.9999,-9.4172,-9.7077,-0.11924,-1.21,2.9292,-0.99281,2.9916,2.987
-1,-1,-1,-1,2.6258,-1.4744,-2.4198,0.66028,-3.3492,-9.815,-0.11924,-1.277,-3.2636,2.0327,2.9984,2.5162
NaN,NaN,NaN,NaN,NaN,NaN,NaN,NaN,NaN,NaN,NaN,NaN,NaN,NaN,NaN,NaN
-1,-1,-1,-1,-1.3501,-1.4439,-1.5159,-3.411,-8.9702,-9.4042,-0.11929,-1.4918,-5.4717,2.942,2.9968,2.3356
NaN,NaN,NaN,NaN,NaN,NaN,NaN,NaN,NaN,NaN,NaN,NaN,NaN,NaN,NaN,NaN
NaN,NaN,NaN,NaN,NaN,NaN,NaN,NaN,NaN,NaN,NaN,NaN,NaN,NaN,NaN,NaN
-1,-1,-1,-1,-0.66958,-1.3168,-1.7939,-4.9999,-9.3618,-9.6678,-0.11924,-1.0712,2.917,-0.45041,2.9871,2.9839
NaN,NaN,NaN,NaN,NaN,NaN,NaN,NaN,NaN,NaN,NaN,NaN,NaN,NaN,NaN,NaN
NaN,NaN,NaN,NaN,NaN,NaN,NaN,NaN,NaN,NaN,NaN,NaN,NaN,NaN,NaN,NaN
NaN,NaN,NaN,NaN,NaN,NaN,NaN,NaN,NaN,NaN,NaN,NaN,NaN,NaN,NaN,NaN
-1,-1,-1,-1,2.9629,1.14,-1.5634,-4.9996,-3.6276,-3.2116,-0.12096,-1.4639,-1.072,-1.8069,1.8759,-0.87127
-1,-1,-1,-1,2.45,-1.4738,-1.4158,-4.1426,-4.8775,-9.8274,-0.11927,-1.092,-4.6298,0.10393,2.9977,-0.86187
-1,-1,-1,-1,2.4503,-1.4738,-1.4161,-3.6935,-4.4208,-9.7887,-0.11927,-1.0919,-4.8297,0.10419,2.9979,-0.78248
-1,-1,-1,-1,2.4493,-1.4738,-1.4161,-3.0332,-3.9354,-9.7376,-0.11927,-1.1563,-2.6495,0.10122,2.997,-0.83597
NaN,NaN,NaN,NaN,NaN,NaN,NaN,NaN,NaN,NaN,NaN,NaN,NaN,NaN,NaN,NaN
-1,-1,-1,-1,-0.66958,-1.3168,-1.8111,-4.9999,-9.4172,-9.7077,-0.11924,-1.2242,2.9271,-0.99075,2.9932,2.9868
NaN,NaN,NaN,NaN,NaN,NaN,NaN,NaN,NaN,NaN,NaN,NaN,NaN,NaN,NaN,NaN
NaN,NaN,NaN,NaN,NaN,NaN,NaN,NaN,NaN,NaN,NaN,NaN,NaN,NaN,NaN,NaN
NaN,NaN,NaN,NaN,NaN,NaN,NaN,NaN,NaN,NaN,NaN,NaN,NaN,NaN,NaN,NaN
-1,-1,-1,-1,2.4518,-1.4738,-1.4156,-4.497,-5.7061,-9.9013,-0.11927,-1.1611,-4.8439,0.10488,2.9995,-1.2746
NaN,NaN,NaN,NaN,NaN,NaN,NaN,NaN,NaN,NaN,NaN,NaN,NaN,NaN,NaN,NaN
-1,-1,-1,-1,-0.66965,-1.3169,2.6976,-5,-9.6677,-9.8618,2.9904,2.9889,-3.6899,2.9328,-1.0891,-1.0259
-1,-1,-1,-1,3,-1.4744,-1.9535,-4.9162,-7.893,-9.9895,-0.11924,-2.3384,-6.4062,2.3674,2.9999,2.537
NaN,NaN,NaN,NaN,NaN,NaN,NaN,NaN,NaN,NaN,NaN,NaN,NaN,NaN,NaN,NaN
-1,-1,-1,-1,-0.66958,-1.3168,-1.8127,-4.9999,-9.4171,-9.7076,-0.11924,-1.2294,2.9259,-0.98583,2.9938,2.9867
-1,-1,-1,-1,2.9999,-1.4745,2.9999,-3.7182,-0.099222,-9.9997,-1.9293,-1.6586,-4.8556,-2.9268,-0.75075,-0.34313
NaN,NaN,NaN,NaN,NaN,NaN,NaN,NaN,NaN,NaN,NaN,NaN,NaN,NaN,NaN,NaN
-1,-1,-1,-1,-0.6691,-1.3166,-0.39018,-5,-9.7565,-9.9968,-0.1195,-1.1288,-0.22618,-0.98428,2.9996,-0.81627
-1,-1,-1,-1,1.7023,0.94478,-4.5263,-3.6777,-4.6844,-6.165,-0.11923,-2.3051,-0.16064,1.18,2.8531,-1.3807
NaN,NaN,NaN,NaN,NaN,NaN,NaN,NaN,NaN,NaN,NaN,NaN,NaN,NaN,NaN,NaN
-1,-1,-1,-1,-0.66958,-1.3168,-1.8312,-5,-9.7075,-9.8881,-0.11924,-1.211,2.9817,2.9332,2.9976,2.9968
NaN,NaN,NaN,NaN,NaN,NaN,NaN,NaN,NaN,NaN,NaN,NaN,NaN,NaN,NaN,NaN
NaN,NaN,NaN,NaN,NaN,NaN,NaN,NaN,NaN,NaN,NaN,NaN,NaN,NaN,NaN,NaN
-1,-1,-1,-1,-0.66958,-1.3168,-1.835,-5,-9.6683,-9.8666,-0.11924,-1.3538,2.9578,2.9701,2.9994,2.9927
NaN,NaN,NaN,NaN,NaN,NaN,NaN,NaN,NaN,NaN,NaN,NaN,NaN,NaN,NaN,NaN
-1,-1,-1,-1,-0.66964,-1.3169,2.6599,-4.9999,-9.3676,-9.6693,2.9705,2.9631,-5.2062,-1.1764,-1.0251,-1.0571
NaN,NaN,NaN,NaN,NaN,NaN,NaN,NaN,NaN,NaN,NaN,NaN,NaN,NaN,NaN,NaN
NaN,NaN,NaN,NaN,NaN,NaN,NaN,NaN,NaN,NaN,NaN,NaN,NaN,NaN,NaN,NaN
-1,-1,-1,-1,2.4497,-1.4738,-1.4157,-3.8993,-4.6263,-9.7056,-0.11927,-1.0793,-3.8685,0.10044,2.9963,-0.90517
-1,-1,-1,-1,-0.66958,-1.3168,-1.8016,-4.9999,-9.3618,-9.6678,-0.11924,-1.2072,2.9123,-0.99289,2.9904,2.9838
-1,-1,-1,-1,2.4517,-1.4738,-1.4175,-4.4439,-5.3944,-9.8997,-0.11927,-1.2403,-4.4394,0.10843,2.9995,-0.41778
-1,-1,-1,-1,-0.6691,-1.3166,-0.38841,-4.9999,-9.4189,-9.7079,-0.1195,-1.0038,-0.22703,-0.99161,2.9989,-0.99586
NaN,NaN,NaN,NaN,NaN,NaN,NaN,NaN,NaN,NaN,NaN,NaN,NaN,NaN,NaN,NaN
NaN,NaN,NaN,NaN,NaN,NaN,NaN,NaN,NaN,NaN,NaN,NaN,NaN,NaN,NaN,NaN
-1,-1,-1,-1,2.4507,-1.4738,-1.4164,-4.1876,-4.7627,-9.8117,-0.11927,-1.1209,-4.0409,0.10079,2.997,-0.90485
NaN,NaN,NaN,NaN,NaN,NaN,NaN,NaN,NaN,NaN,NaN,NaN,NaN,NaN,NaN,NaN
-1,-1,-1,-1,2.4498,-1.4738,-1.4161,-3.6342,-4.5762,-9.7251,-0.11927,-1.1437,-3.2237,0.10262,2.9972,-0.78828
NaN,NaN,NaN,NaN,NaN,NaN,NaN,NaN,NaN,NaN,NaN,NaN,NaN,NaN,NaN,NaN
NaN,NaN,NaN,NaN,NaN,NaN,NaN,NaN,NaN,NaN,NaN,NaN,NaN,NaN,NaN,NaN
NaN,NaN,NaN,NaN,NaN,NaN,NaN,NaN,NaN,NaN,NaN,NaN,NaN,NaN,NaN,NaN
NaN,NaN,NaN,NaN,NaN,NaN,NaN,NaN,NaN,NaN,NaN,NaN,NaN,NaN,NaN,NaN
-1,-1,-1,-1,-0.66958,-1.3168,-1.8239,-4.9999,-9.4172,-9.7077,-0.11924,-1.2305,2.9218,2.9277,2.9972,2.9863
NaN,NaN,NaN,NaN,NaN,NaN,NaN,NaN,NaN,NaN,NaN,NaN,NaN,NaN,NaN,NaN
NaN,NaN,NaN,NaN,NaN,NaN,NaN,NaN,NaN,NaN,NaN,NaN,NaN,NaN,NaN,NaN
NaN,NaN,NaN,NaN,NaN,NaN,NaN,NaN,NaN,NaN,NaN,NaN,NaN,NaN,NaN,NaN
-1,-1,-1,-1,-0.66958,-1.3168,-1.8079,-4.9999,-9.4172,-9.7077,-0.11924,-1.2144,2.9287,-0.89184,2.992,2.987
NaN,NaN,NaN,NaN,NaN,NaN,NaN,NaN,NaN,NaN,NaN,NaN,NaN,NaN,NaN,NaN
-1,-1,-1,-1,-0.66958,-1.3168,-1.7923,-4.9999,-9.3618,-9.6678,-0.11924,-1.0749,2.9171,-0.38596,2.987,2.9841
-1,-1,-1,-1,-0.66958,-1.3168,-1.8106,-4.9999,-9.4172,-9.7077,-0.11924,-1.327,2.9275,-1.0558,2.993,2.9869
-1,-1,-1,-1,-0.66958,-1.3168,-1.8349,-5,-9.6751,-9.8642,-0.11924,-1.2924,2.9716,-0.98977,2.9989,2.9951
-1,-1,-1,-1,2.4549,-1.4738,-1.4186,-4.0178,-4.6823,-9.844,-0.11927,-1.2554,-3.2472,0.10086,2.9985,-0.3516
-1,-1,-1,-1,2.4514,-1.4738,-1.4162,-4.169,-4.7962,-9.8185,-0.11927,-1.1281,-3.2783,0.10104,2.9975,-0.82314
NaN,NaN,NaN,NaN,NaN,NaN,NaN,NaN,NaN,NaN,NaN,NaN,NaN,NaN,NaN,NaN
-1,-1,-1,-1,-0.66958,-1.3168,-1.8325,-5,-9.7081,-9.8878,-0.11924,-1.1193,2.9814,-1.0253,2.998,2.9967
NaN,NaN,NaN,NaN,NaN,NaN,NaN,NaN,NaN,NaN,NaN,NaN,NaN,NaN,NaN,NaN
NaN,NaN,NaN,NaN,NaN,NaN,NaN,NaN,NaN,NaN,NaN,NaN,NaN,NaN,NaN,NaN
-1,-1,-1,-1,-0.66958,-1.3168,-1.8355,-5,-9.7398,-9.901,-0.11924,-1.2927,2.9832,-0.98311,2.9988,2.9971
NaN,NaN,NaN,NaN,NaN,NaN,NaN,NaN,NaN,NaN,NaN,NaN,NaN,NaN,NaN,NaN
-1,-1,-1,-1,-0.66868,-1.3164,0.21935,-4.9998,-9.9806,-9.7349,-0.12009,2.3123,-3.5674,-1.2772,2.9985,-1.4736
NaN,NaN,NaN,NaN,NaN,NaN,NaN,NaN,NaN,NaN,NaN,NaN,NaN,NaN,NaN,NaN
NaN,NaN,NaN,NaN,NaN,NaN,NaN,NaN,NaN,NaN,NaN,NaN,NaN,NaN,NaN,NaN
NaN,NaN,NaN,NaN,NaN,NaN,NaN,NaN,NaN,NaN,NaN,NaN,NaN,NaN,NaN,NaN
-1,-1,-1,-1,2.4499,-1.4738,-1.418,-4.2463,-4.9977,-9.8166,-0.11927,-1.1472,-2.8245,0.10268,2.9973,-0.70845
NaN,NaN,NaN,NaN,NaN,NaN,NaN,NaN,NaN,NaN,NaN,NaN,NaN,NaN,NaN,NaN
-1,-1,-1,-1,-1.3502,-1.4439,-1.5218,-3.411,-9.1384,-9.5548,-0.11929,-1.3641,-5.3509,2.9895,2.997,2.3424
NaN,NaN,NaN,NaN,NaN,NaN,NaN,NaN,NaN,NaN,NaN,NaN,NaN,NaN,NaN,NaN
-1,-1,-1,-1,2.4499,-1.4738,-1.4159,-3.7796,-4.6215,-9.7587,-0.11927,-1.1377,-3.2473,0.10294,2.9973,-0.83351
-1,-1,-1,-1,-0.66958,-1.3168,-1.8022,-4.9999,-9.4172,-9.7077,-0.11924,-1.1097,2.9313,0.23489,2.9896,2.9869
NaN,NaN,NaN,NaN,NaN,NaN,NaN,NaN,NaN,NaN,NaN,NaN,NaN,NaN,NaN,NaN
NaN,NaN,NaN,NaN,NaN,NaN,NaN,NaN,NaN,NaN,NaN,NaN,NaN,NaN,NaN,NaN
-1,-1,-1,-1,2.4524,-1.4738,-1.4171,-2.7618,-3.8319,-9.8148,-0.11927,-1.1884,-2.6783,0.09957,2.9984,-0.7951
-1,-1,-1,-1,2.842,-1.4743,-1.8849,-4.1361,-5.1058,-9.8451,-0.11924,-1.3983,-2.0074,2.0743,2.9992,2.4684
-1,-1,-1,-1,-0.66958,-1.3168,-1.8045,-4.9999,-9.362,-9.6678,-0.11924,-1.2165,2.9108,-0.97941,2.9915,2.9838
NaN,NaN,NaN,NaN,NaN,NaN,NaN,NaN,NaN,NaN,NaN,NaN,NaN,NaN,NaN,NaN
NaN,NaN,NaN,NaN,NaN,NaN,NaN,NaN,NaN,NaN,NaN,NaN,NaN,NaN,NaN,NaN
NaN,NaN,NaN,NaN,NaN,NaN,NaN,NaN,NaN,NaN,NaN,NaN,NaN,NaN,NaN,NaN
NaN,NaN,NaN,NaN,NaN,NaN,NaN,NaN,NaN,NaN,NaN,NaN,NaN,NaN,NaN,NaN
NaN,NaN,NaN,NaN,NaN,NaN,NaN,NaN,NaN,NaN,NaN,NaN,NaN,NaN,NaN,NaN
NaN,NaN,NaN,NaN,NaN,NaN,NaN,NaN,NaN,NaN,NaN,NaN,NaN,NaN,NaN,NaN
-1,-1,-1,-1,-0.66868,-1.3164,0.21716,-4.9999,-9.1169,-9.4933,-0.12009,2.3113,-4.4102,-0.69019,2.9978,-1.3046
NaN,NaN,NaN,NaN,NaN,NaN,NaN,NaN,NaN,NaN,NaN,NaN,NaN,NaN,NaN,NaN
-1,-1,-1,-1,-0.66958,-1.3168,-1.8017,-4.9999,-9.3618,-9.6679,-0.11924,-1.2059,2.9122,-0.99279,2.9905,2.9838
NaN,NaN,NaN,NaN,NaN,NaN,NaN,NaN,NaN,NaN,NaN,NaN,NaN,NaN,NaN,NaN
NaN,NaN,NaN,NaN,NaN,NaN,NaN,NaN,NaN,NaN,NaN,NaN,NaN,NaN,NaN,NaN
-1,-1,-1,-1,2.9956,-1.4745,2.9891,-0.2202,-9.7395,-9.9622,2.8139,-0.40049,0.69334,-3.9932,-1.4667,-2.0476
-1,-1,-1,-1,-0.66958,-1.3168,-1.8028,-4.9999,-9.4172,-9.7077,-0.11924,-1.1523,2.9317,1.5427,2.9895,2.9868
NaN,NaN,NaN,NaN,NaN,NaN,NaN,NaN,NaN,NaN,NaN,NaN,NaN,NaN,NaN,NaN
NaN,NaN,NaN,NaN,NaN,NaN,NaN,NaN,NaN,NaN,NaN,NaN,NaN,NaN,NaN,NaN
NaN,NaN,NaN,NaN,NaN,NaN,NaN,NaN,NaN,NaN,NaN,NaN,NaN,NaN,NaN,NaN
-1,-1,-1,-1,2.4497,-1.4738,-1.4154,-3.939,-4.9472,-9.7929,-0.11927,-1.0232,-1.8682,0.094202,2.9978,-1.7464
NaN,NaN,NaN,NaN,NaN,NaN,NaN,NaN,NaN,NaN,NaN,NaN,NaN,NaN,NaN,NaN
NaN,NaN,NaN,NaN,NaN,NaN,NaN,NaN,NaN,NaN,NaN,NaN,NaN,NaN,NaN,NaN
-1,-1,-1,-1,2.4513,-1.4738,-1.4158,-4.1761,-5.5614,-9.8799,-0.11927,-1.2004,-2.3006,0.1006,2.9988,-1.4603
NaN,NaN,NaN,NaN,NaN,NaN,NaN,NaN,NaN,NaN,NaN,NaN,NaN,NaN,NaN,NaN
NaN,NaN,NaN,NaN,NaN,NaN,NaN,NaN,NaN,NaN,NaN,NaN,NaN,NaN,NaN,NaN
-1,-1,-1,-1,2.9893,-1.4743,-1.9032,-4.8098,-6.1538,-9.9685,-0.11924,-1.3118,-6.1835,2.1269,2.9995,2.4861
-1,-1,-1,-1,2.4494,-1.4738,-1.4155,-3.6782,-6.3992,-9.7684,-0.11927,-1.9352,-6.2382,0.10303,2.9972,-1.8296
NaN,NaN,NaN,NaN,NaN,NaN,NaN,NaN,NaN,NaN,NaN,NaN,NaN,NaN,NaN,NaN
-1,-1,-1,-1,2.4527,-1.4738,-1.4157,-4.9671,-6.1591,-9.9541,-0.11927,-1.2778,-6.9454,0.10357,2.9996,-2.4008
-1,-1,-1,-1,-0.66958,-1.3168,-1.8366,-5,-9.7083,-9.8878,-0.11924,-1.2713,2.9782,0.91342,2.9992,2.9962
-1,-1,-1,-1,2.4516,-1.4738,-1.4169,-4.0988,-4.9927,-9.8662,-0.11927,-1.4274,-5.1295,0.10549,2.9988,-0.6104
NaN,NaN,NaN,NaN,NaN,NaN,NaN,NaN,NaN,NaN,NaN,NaN,NaN,NaN,NaN,NaN
NaN,NaN,NaN,NaN,NaN,NaN,NaN,NaN,NaN,NaN,NaN,NaN,NaN,NaN,NaN,NaN
-1,-1,-1,-1,-0.66962,-1.3169,2.4623,-5,-9.6693,-9.8694,2.9961,-0.87249,-4.4118,2.9797,-1.5759,-1.1079
NaN,NaN,NaN,NaN,NaN,NaN,NaN,NaN,NaN,NaN,NaN,NaN,NaN,NaN,NaN,NaN
-1,-1,-1,-1,2.4498,-1.4738,-1.4151,-2.7084,-3.4182,-9.6264,-0.11927,-0.66675,-2.1528,0.097983,2.9987,-1.4955
NaN,NaN,NaN,NaN,NaN,NaN,NaN,NaN,NaN,NaN,NaN,NaN,NaN,NaN,NaN,NaN
NaN,NaN,NaN,NaN,NaN,NaN,NaN,NaN,NaN,NaN,NaN,NaN,NaN,NaN,NaN,NaN
-1,-1,-1,-1,-0.66958,-1.3168,-1.8196,-4.9999,-9.4124,-9.7059,-0.11924,-1.2504,2.8956,-0.76442,2.9974,2.9821
-1,-1,-1,-1,2.9933,-1.4743,-1.8918,-4.7386,-5.7702,-9.9745,-0.11924,-1.3698,-2.8615,2.0734,3,2.4747
-1,-1,-1,-1,-0.66958,-1.3168,-1.832,-5,-9.7081,-9.8878,-0.11924,-1.4372,2.9815,-1.4432,2.9979,2.9967
NaN,NaN,NaN,NaN,NaN,NaN,NaN,NaN,NaN,NaN,NaN,NaN,NaN,NaN,NaN,NaN
-1,-1,-1,-1,2.4542,-1.4738,-1.417,-3.7601,-4.5667,-9.7776,-0.11927,-1.1587,-3.6736,0.097641,2.9978,-0.7555
-1,-1,-1,-1,2.4529,-1.4738,-1.4161,-4.7807,-6.2433,-9.9774,-0.11927,-1.9769,-5.4155,0.10402,2.9996,-1.6932
-1,-1,-1,-1,2.8398,-1.4743,-1.88,-3.4934,-4.6319,-9.8342,-0.11924,-1.3046,-3.3342,2.0542,2.9987,2.4635
NaN,NaN,NaN,NaN,NaN,NaN,NaN,NaN,NaN,NaN,NaN,NaN,NaN,NaN,NaN,NaN
NaN,NaN,NaN,NaN,NaN,NaN,NaN,NaN,NaN,NaN,NaN,NaN,NaN,NaN,NaN,NaN
NaN,NaN,NaN,NaN,NaN,NaN,NaN,NaN,NaN,NaN,NaN,NaN,NaN,NaN,NaN,NaN
NaN,NaN,NaN,NaN,NaN,NaN,NaN,NaN,NaN,NaN,NaN,NaN,NaN,NaN,NaN,NaN
-1,-1,-1,-1,2.4522,-1.4738,-1.4162,-4.2311,-5.4082,-9.8828,-0.11927,-1.526,-5.4156,0.10312,2.9987,-1.1123
-1,-1,-1,-1,2.9787,1.9276,2.9607,2.2361,0.38314,-2.002,-0.15642,-3.3169,-0.18986,-0.52665,-2.5382,-4.7415
NaN,NaN,NaN,NaN,NaN,NaN,NaN,NaN,NaN,NaN,NaN,NaN,NaN,NaN,NaN,NaN
NaN,NaN,NaN,NaN,NaN,NaN,NaN,NaN,NaN,NaN,NaN,NaN,NaN,NaN,NaN,NaN
-1,-1,-1,-1,2.8428,-1.4743,-1.8859,-3.9901,-4.7475,-9.8523,-0.11924,-1.2537,-2.9878,2.0808,2.9987,2.4696
NaN,NaN,NaN,NaN,NaN,NaN,NaN,NaN,NaN,NaN,NaN,NaN,NaN,NaN,NaN,NaN
NaN,NaN,NaN,NaN,NaN,NaN,NaN,NaN,NaN,NaN,NaN,NaN,NaN,NaN,NaN,NaN
-1,-1,-1,-1,-0.66958,-1.3168,-1.8325,-5,-9.7081,-9.8878,-0.11924,-1.2901,2.9814,-1.0769,2.998,2.9967
-1,-1,-1,-1,-0.66867,-1.3164,0.22174,-4.9995,-8.8068,-9.7251,-0.1201,2.3102,-5.8709,-1.7603,2.995,-1.8015
-1,-1,-1,-1,1.607,0.6742,-4.723,-3.2989,-4.4544,-5.6931,-0.11923,-0.67112,-5.1812,1.3511,2.8096,-1.3545
NaN,NaN,NaN,NaN,NaN,NaN,NaN,NaN,NaN,NaN,NaN,NaN,NaN,NaN,NaN,NaN
-1,-1,-1,-1,-0.66958,-1.3168,-1.7962,-4.9999,-9.3045,-9.6252,-0.11924,-1.1977,2.8915,-0.99272,2.9893,2.98
NaN,NaN,NaN,NaN,NaN,NaN,NaN,NaN,NaN,NaN,NaN,NaN,NaN,NaN,NaN,NaN
NaN,NaN,NaN,NaN,NaN,NaN,NaN,NaN,NaN,NaN,NaN,NaN,NaN,NaN,NaN,NaN
NaN,NaN,NaN,NaN,NaN,NaN,NaN,NaN,NaN,NaN,NaN,NaN,NaN,NaN,NaN,NaN
NaN,NaN,NaN,NaN,NaN,NaN,NaN,NaN,NaN,NaN,NaN,NaN,NaN,NaN,NaN,NaN
-1,-1,-1,-1,2.4513,-1.4738,-1.416,-4.2719,-4.9908,-9.8314,-0.11927,-1.0611,-2.7856,0.10012,2.9975,-0.92044
NaN,NaN,NaN,NaN,NaN,NaN,NaN,NaN,NaN,NaN,NaN,NaN,NaN,NaN,NaN,NaN
NaN,NaN,NaN,NaN,NaN,NaN,NaN,NaN,NaN,NaN,NaN,NaN,NaN,NaN,NaN,NaN
NaN,NaN,NaN,NaN,NaN,NaN,NaN,NaN,NaN,NaN,NaN,NaN,NaN,NaN,NaN,NaN
-1,-1,-1,-1,-0.66903,-1.3166,-0.31775,-5,-9.6191,-9.8307,-0.11954,1.7737,-3.5807,2.999,2.9986,-1.2472
-1,-1,-1,-1,-0.66903,-1.3166,-0.31248,-5,-9.8726,-9.9412,-0.11954,1.7716,-5.9183,2.9998,2.9978,-1.8966
-1,-1,-1,-1,2.4514,-1.4738,-1.4166,-2.952,-4.3672,-9.7731,-0.11927,-1.1951,-4.2344,0.1014,2.9978,-0.82964
NaN,NaN,NaN,NaN,NaN,NaN,NaN,NaN,NaN,NaN,NaN,NaN,NaN,NaN,NaN,NaN
-1,-1,-1,-1,-0.66958,-1.3168,-1.8078,-4.9999,-9.4172,-9.7077,-0.11924,-1.215,2.9289,-0.98604,2.992,2.987
NaN,NaN,NaN,NaN,NaN,NaN,NaN,NaN,NaN,NaN,NaN,NaN,NaN,NaN,NaN,NaN
NaN,NaN,NaN,NaN,NaN,NaN,NaN,NaN,NaN,NaN,NaN,NaN,NaN,NaN,NaN,NaN
NaN,NaN,NaN,NaN,NaN,NaN,NaN,NaN,NaN,NaN,NaN,NaN,NaN,NaN,NaN,NaN
NaN,NaN,NaN,NaN,NaN,NaN,NaN,NaN,NaN,NaN,NaN,NaN,NaN,NaN,NaN,NaN
NaN,NaN,NaN,NaN,NaN,NaN,NaN,NaN,NaN,NaN,NaN,NaN,NaN,NaN,NaN,NaN
-1,-1,-1,-1,-0.66958,-1.3168,-1.8009,-4.9999,-9.4172,-9.7077,-0.11924,-1.0677,2.933,-0.66144,2.9895,2.9874
NaN,NaN,NaN,NaN,NaN,NaN,NaN,NaN,NaN,NaN,NaN,NaN,NaN,NaN,NaN,NaN
-1,-1,-1,-1,-0.66958,-1.3168,-1.8023,-4.9999,-9.4172,-9.7077,-0.11924,-1.0944,2.9326,-0.076637,2.9893,2.9869
NaN,NaN,NaN,NaN,NaN,NaN,NaN,NaN,NaN,NaN,NaN,NaN,NaN,NaN,NaN,NaN
NaN,NaN,NaN,NaN,NaN,NaN,NaN,NaN,NaN,NaN,NaN,NaN,NaN,NaN,NaN,NaN
-1,-1,-1,-1,2.4492,-1.4738,-1.4148,-3.8291,-6.0082,-9.986,-0.11927,-0.78595,-1.9663,0.096041,2.9978,-3.2845
NaN,NaN,NaN,NaN,NaN,NaN,NaN,NaN,NaN,NaN,NaN,NaN,NaN,NaN,NaN,NaN
NaN,NaN,NaN,NaN,NaN,NaN,NaN,NaN,NaN,NaN,NaN,NaN,NaN,NaN,NaN,NaN
-1,-1,-1,-1,2.4506,-1.4738,-1.4152,-3.2683,-5.4994,-9.7971,-0.11927,-0.94023,-7.2564,0.10243,2.9982,-1.8945
NaN,NaN,NaN,NaN,NaN,NaN,NaN,NaN,NaN,NaN,NaN,NaN,NaN,NaN,NaN,NaN
-1,-1,-1,-1,2.4484,-1.4738,-1.416,-4.3896,-5.2299,-9.8774,-0.11927,-1.1858,-2.9684,0.10675,2.9977,-0.65473
-1,-1,-1,-1,-0.66958,-1.3168,-1.8022,-4.9999,-9.4172,-9.7077,-0.11924,-1.1613,2.9314,1.7328,2.9895,2.9868
-1,-1,-1,-1,-0.66958,-1.3168,-1.8214,-4.9999,-9.4157,-9.7059,-0.11924,-1.2636,2.9061,-0.9906,2.9973,2.9838
NaN,NaN,NaN,NaN,NaN,NaN,NaN,NaN,NaN,NaN,NaN,NaN,NaN,NaN,NaN,NaN
NaN,NaN,NaN,NaN,NaN,NaN,NaN,NaN,NaN,NaN,NaN,NaN,NaN,NaN,NaN,NaN
-1,-1,-1,-1,-0.66958,-1.3168,-1.8035,-4.9999,-9.4172,-9.7077,-0.11924,-1.1467,2.9318,1.3744,2.9896,2.9868
-1,-1,-1,-1,-0.66958,-1.3168,-1.8126,-4.9999,-9.4171,-9.7076,-0.11924,-1.2287,2.9262,-0.95168,2.9937,2.9868
NaN,NaN,NaN,NaN,NaN,NaN,NaN,NaN,NaN,NaN,NaN,NaN,NaN,NaN,NaN,NaN
-1,-1,-1,-1,-0.66903,-1.3166,-0.31465,-5,-9.6168,-9.8296,-0.11954,1.7768,-4.5656,2.9984,2.9991,-1.2454
NaN,NaN,NaN,NaN,NaN,NaN,NaN,NaN,NaN,NaN,NaN,NaN,NaN,NaN,NaN,NaN
-1,-1,-1,-1,2.954,1.9153,1.9212,-5,-7.5106,-0.35165,2.9999,-2.8704,-7.3909,-3.9427,-3.8551,-3.3071
NaN,NaN,NaN,NaN,NaN,NaN,NaN,NaN,NaN,NaN,NaN,NaN,NaN,NaN,NaN,NaN
NaN,NaN,NaN,NaN,NaN,NaN,NaN,NaN,NaN,NaN,NaN,NaN,NaN,NaN,NaN,NaN
NaN,NaN,NaN,NaN,NaN,NaN,NaN,NaN,NaN,NaN,NaN,NaN,NaN,NaN,NaN,NaN
-1,-1,-1,-1,-0.66958,-1.3168,-1.8187,-4.9999,-9.4171,-9.7077,-0.11924,-1.2157,2.8816,2.9478,2.9979,2.98
-1,-1,-1,-1,2.4506,-1.4738,-1.416,-4.2682,-4.8654,-9.8422,-0.11927,-1.1736,-3.1757,0.10162,2.9973,-0.90351
NaN,NaN,NaN,NaN,NaN,NaN,NaN,NaN,NaN,NaN,NaN,NaN,NaN,NaN,NaN,NaN
NaN,NaN,NaN,NaN,NaN,NaN,NaN,NaN,NaN,NaN,NaN,NaN,NaN,NaN,NaN,NaN
-1,-1,-1,-1,-0.66958,-1.3168,-1.8024,-4.9999,-9.4172,-9.7077,-0.11924,-1.0928,2.9315,-0.065066,2.9895,2.9868
-1,-1,-1,-1,2.4509,-1.4738,-1.4165,-4.1964,-4.8387,-9.8495,-0.11927,-1.196,-3.7221,0.10466,2.9982,-0.64225
NaN,NaN,NaN,NaN,NaN,NaN,NaN,NaN,NaN,NaN,NaN,NaN,NaN,NaN,NaN,NaN
-1,-1,-1,-1,2.4502,-1.4738,-1.4161,-3.6955,-4.6081,-9.6526,-0.11927,-1.2393,-3.4833,0.10393,2.9978,-0.83225
NaN,NaN,NaN,NaN,NaN,NaN,NaN,NaN,NaN,NaN,NaN,NaN,NaN,NaN,NaN,NaN
-1,-1,-1,-1,-0.66958,-1.3168,-1.8213,-4.9999,-9.4149,-9.7053,-0.11924,-1.2529,2.8992,-0.97825,2.9977,2.9827
NaN,NaN,NaN,NaN,NaN,NaN,NaN,NaN,NaN,NaN,NaN,NaN,NaN,NaN,NaN,NaN
-1,-1,-1,-1,2.8479,-1.4743,-1.8924,-4.6363,-5.8358,-9.961,-0.11924,-1.488,-2.9875,2.1142,2.9996,2.4779
NaN,NaN,NaN,NaN,NaN,NaN,NaN,NaN,NaN,NaN,NaN,NaN,NaN,NaN,NaN,NaN
NaN,NaN,NaN,NaN,NaN,NaN,NaN,NaN,NaN,NaN,NaN,NaN,NaN,NaN,NaN,NaN
NaN,NaN,NaN,NaN,NaN,NaN,NaN,NaN,NaN,NaN,NaN,NaN,NaN,NaN,NaN,NaN
-1,-1,-1,-1,-0.66958,-1.3168,-1.8078,-4.9999,-9.4172,-9.7077,-0.11924,-1.2128,2.929,-0.98788,2.992,2.987
NaN,NaN,NaN,NaN,NaN,NaN,NaN,NaN,NaN,NaN,NaN,NaN,NaN,NaN,NaN,NaN
NaN,NaN,NaN,NaN,NaN,NaN,NaN,NaN,NaN,NaN,NaN,NaN,NaN,NaN,NaN,NaN
NaN,NaN,NaN,NaN,NaN,NaN,NaN,NaN,NaN,NaN,NaN,NaN,NaN,NaN,NaN,NaN
NaN,NaN,NaN,NaN,NaN,NaN,NaN,NaN,NaN,NaN,NaN,NaN,NaN,NaN,NaN,NaN
NaN,NaN,NaN,NaN,NaN,NaN,NaN,NaN,NaN,NaN,NaN,NaN,NaN,NaN,NaN,NaN
NaN,NaN,NaN,NaN,NaN,NaN,NaN,NaN,NaN,NaN,NaN,NaN,NaN,NaN,NaN,NaN
-1,-1,-1,-1,2.834,-1.4743,-1.8684,-3.4659,-4.4421,-9.8535,-0.11924,-1.3505,-2.2252,2.0015,2.9991,2.4514
NaN,NaN,NaN,NaN,NaN,NaN,NaN,NaN,NaN,NaN,NaN,NaN,NaN,NaN,NaN,NaN
-1,-1,-1,-1,2.9976,-1.4745,2.9978,0.59614,-3.6544,-9.9835,2.9958,-2.9783,-2.7749,-2.1461,-3.6942,-3.0001
-1,-1,-1,-1,-0.66958,-1.3168,-1.8346,-5,-9.6644,-9.8467,-0.11924,-1.2924,2.9599,-0.97648,2.9992,2.993
NaN,NaN,NaN,NaN,NaN,NaN,NaN,NaN,NaN,NaN,NaN,NaN,NaN,NaN,NaN,NaN
-1,-1,-1,-1,2.9996,-1.4745,2.9996,-3.2154,-0.09953,-9.9979,-1.5875,-1.5983,-4.0033,-2.5557,-0.08568,-1.1024
NaN,NaN,NaN,NaN,NaN,NaN,NaN,NaN,NaN,NaN,NaN,NaN,NaN,NaN,NaN,NaN
NaN,NaN,NaN,NaN,NaN,NaN,NaN,NaN,NaN,NaN,NaN,NaN,NaN,NaN,NaN,NaN
-1,-1,-1,-1,2.8451,-1.4743,-1.8914,-4.8914,-5.5833,-9.8319,-0.11924,-1.4097,-3.7955,2.1039,2.9987,2.4748
-1,-1,-1,-1,-0.66958,-1.3168,-1.8145,-4.9999,-9.4171,-9.7076,-0.11924,-1.2323,2.9255,-0.99178,2.9944,2.9867
NaN,NaN,NaN,NaN,NaN,NaN,NaN,NaN,NaN,NaN,NaN,NaN,NaN,NaN,NaN,NaN
-1,-1,-1,-1,-0.66958,-1.3168,-1.8181,-4.9999,-9.4171,-9.7077,-0.11924,-1.2442,2.8779,2.9524,2.998,2.9794
NaN,NaN,NaN,NaN,NaN,NaN,NaN,NaN,NaN,NaN,NaN,NaN,NaN,NaN,NaN,NaN
NaN,NaN,NaN,NaN,NaN,NaN,NaN,NaN,NaN,NaN,NaN,NaN,NaN,NaN,NaN,NaN
NaN,NaN,NaN,NaN,NaN,NaN,NaN,NaN,NaN,NaN,NaN,NaN,NaN,NaN,NaN,NaN
NaN,NaN,NaN,NaN,NaN,NaN,NaN,NaN,NaN,NaN,NaN,NaN,NaN,NaN,NaN,NaN
NaN,NaN,NaN,NaN,NaN,NaN,NaN,NaN,NaN,NaN,NaN,NaN,NaN,NaN,NaN,NaN
NaN,NaN,NaN,NaN,NaN,NaN,NaN,NaN,NaN,NaN,NaN,NaN,NaN,NaN,NaN,NaN
-1,-1,-1,-1,-0.66958,-1.3168,-1.8358,-5,-9.8752,-9.9541,-0.11924,-1.1714,2.9573,-1.1432,2.9998,2.9927
NaN,NaN,NaN,NaN,NaN,NaN,NaN,NaN,NaN,NaN,NaN,NaN,NaN,NaN,NaN,NaN
-1,-1,-1,-1,-0.66958,-1.3168,-1.8074,-4.9999,-9.4172,-9.7077,-0.11924,-1.1948,2.9287,-1.072,2.9918,2.9869
NaN,NaN,NaN,NaN,NaN,NaN,NaN,NaN,NaN,NaN,NaN,NaN,NaN,NaN,NaN,NaN
-1,-1,-1,-1,2.4513,-1.4738,-1.4169,-3.5128,-4.4454,-9.828,-0.11927,-1.3401,-3.2463,0.10519,2.9986,-0.58136
-1,-1,-1,-1,-0.66958,-1.3168,-1.8039,-4.9999,-9.3618,-9.6678,-0.11924,-1.2231,2.9112,-0.99633,2.9913,2.9838
NaN,NaN,NaN,NaN,NaN,NaN,NaN,NaN,NaN,NaN,NaN,NaN,NaN,NaN,NaN,NaN
NaN,NaN,NaN,NaN,NaN,NaN,NaN,NaN,NaN,NaN,NaN,NaN,NaN,NaN,NaN,NaN
NaN,NaN,NaN,NaN,NaN,NaN,NaN,NaN,NaN,NaN,NaN,NaN,NaN,NaN,NaN,NaN
NaN,NaN,NaN,NaN,NaN,NaN,NaN,NaN,NaN,NaN,NaN,NaN,NaN,NaN,NaN,NaN
NaN,NaN,NaN,NaN,NaN,NaN,NaN,NaN,NaN,NaN,NaN,NaN,NaN,NaN,NaN,NaN
-1,-1,-1,-1,-0.66958,-1.3168,-1.8023,-4.9999,-9.4172,-9.7077,-0.11924,-1.1604,2.9315,1.8132,2.9895,2.9868
-1,-1,-1,-1,2.4529,-1.4738,-1.4155,-4.7643,-7.5983,-9.9726,-0.11927,-1.2234,-5.9391,0.10313,2.9996,-2.0869
-1,-1,-1,-1,-0.66958,-1.3168,-1.8214,-4.9999,-9.4158,-9.7061,-0.11924,-1.2633,2.9064,-0.99048,2.9973,2.9838
NaN,NaN,NaN,NaN,NaN,NaN,NaN,NaN,NaN,NaN,NaN,NaN,NaN,NaN,NaN,NaN
-1,-1,-1,-1,2.4523,-1.4738,-1.4157,-4.1659,-6.6485,-9.8623,-0.11927,-0.94301,-1.9926,0.09678,2.9996,-2.0483
-1,-1,-1,-1,2.4526,-1.4738,-1.4101,-3.5203,-4.5703,-9.8402,-0.11927,-1.2138,-3.9199,0.1041,2.9991,-0.71135
-1,-1,-1,-1,2.8498,-1.4743,-1.9011,-2.9728,-6.6504,-9.8261,-0.11924,-1.161,-2.5769,2.1467,2.9986,2.4843
NaN,NaN,NaN,NaN,NaN,NaN,NaN,NaN,NaN,NaN,NaN,NaN,NaN,NaN,NaN,NaN
-1,-1,-1,-1,2.5933,-1.4744,-2.2596,0.58996,-3.4905,-9.9012,-0.11924,-2.1512,-2.9166,1.693,2.9993,2.4733
-1,-1,-1,-1,2.8448,-1.4743,-1.8947,-1.9166,-6.1276,-9.7621,-0.11924,-2.5283,-1.8614,2.112,2.9975,2.4761
NaN,NaN,NaN,NaN,NaN,NaN,NaN,NaN,NaN,NaN,NaN,NaN,NaN,NaN,NaN,NaN
NaN,NaN,NaN,NaN,NaN,NaN,NaN,NaN,NaN,NaN,NaN,NaN,NaN,NaN,NaN,NaN
-1,-1,-1,-1,-0.66925,-1.3168,2.9907,-5,-9.7082,-9.8878,-0.14495,-1.0058,0.67092,-0.98416,-1.0071,-0.99226
NaN,NaN,NaN,NaN,NaN,NaN,NaN,NaN,NaN,NaN,NaN,NaN,NaN,NaN,NaN,NaN
-1,-1,-1,-1,2.4518,-1.4738,-1.4165,-4.2057,-4.7756,-9.8319,-0.11927,-1.127,-2.8478,0.1013,2.9979,-0.69975
NaN,NaN,NaN,NaN,NaN,NaN,NaN,NaN,NaN,NaN,NaN,NaN,NaN,NaN,NaN,NaN
-1,-1,-1,-1,-0.66958,-1.3168,-1.7953,-4.9999,-9.3618,-9.6678,-0.11924,-1.0788,2.9162,-0.30313,2.9871,2.9835
NaN,NaN,NaN,NaN,NaN,NaN,NaN,NaN,NaN,NaN,NaN,NaN,NaN,NaN,NaN,NaN
-1,-1,-1,-1,-0.66958,-1.3168,-1.8028,-4.9999,-9.4172,-9.7077,-0.11924,-1.1329,2.9318,0.89077,2.9894,2.9868
NaN,NaN,NaN,NaN,NaN,NaN,NaN,NaN,NaN,NaN,NaN,NaN,NaN,NaN,NaN,NaN
-1,-1,-1,-1,2.4521,-1.4738,-1.416,-3.6228,-4.5605,-9.845,-0.11927,-1.2094,-3.3423,0.10361,2.9992,-1.1428
NaN,NaN,NaN,NaN,NaN,NaN,NaN,NaN,NaN,NaN,NaN,NaN,NaN,NaN,NaN,NaN
NaN,NaN,NaN,NaN,NaN,NaN,NaN,NaN,NaN,NaN,NaN,NaN,NaN,NaN,NaN,NaN
NaN,NaN,NaN,NaN,NaN,NaN,NaN,NaN,NaN,NaN,NaN,NaN,NaN,NaN,NaN,NaN
-1,-1,-1,-1,2.4503,-1.4738,-1.4157,-4.1118,-4.8974,-9.828,-0.11927,-1.0448,-1.9015,0.094468,2.9978,-1.3341
NaN,NaN,NaN,NaN,NaN,NaN,NaN,NaN,NaN,NaN,NaN,NaN,NaN,NaN,NaN,NaN
-1,-1,-1,-1,2.4511,-1.4738,-1.4163,-3.9674,-4.6536,-9.8496,-0.11927,-1.3092,-2.7671,0.10419,2.9988,-0.87862
NaN,NaN,NaN,NaN,NaN,NaN,NaN,NaN,NaN,NaN,NaN,NaN,NaN,NaN,NaN,NaN
NaN,NaN,NaN,NaN,NaN,NaN,NaN,NaN,NaN,NaN,NaN,NaN,NaN,NaN,NaN,NaN
NaN,NaN,NaN,NaN,NaN,NaN,NaN,NaN,NaN,NaN,NaN,NaN,NaN,NaN,NaN,NaN
-1,-1,-1,-1,-0.66912,-1.3166,-0.38984,-5,-9.6437,-9.848,-0.1195,-1.5747,-0.52494,2.9842,2.9996,-1.9066
NaN,NaN,NaN,NaN,NaN,NaN,NaN,NaN,NaN,NaN,NaN,NaN,NaN,NaN,NaN,NaN
NaN,NaN,NaN,NaN,NaN,NaN,NaN,NaN,NaN,NaN,NaN,NaN,NaN,NaN,NaN,NaN
NaN,NaN,NaN,NaN,NaN,NaN,NaN,NaN,NaN,NaN,NaN,NaN,NaN,NaN,NaN,NaN
NaN,NaN,NaN,NaN,NaN,NaN,NaN,NaN,NaN,NaN,NaN,NaN,NaN,NaN,NaN,NaN
-1,-1,-1,-1,-0.66958,-1.3168,-1.835,-5,-9.6771,-9.8654,-0.11924,-1.2645,2.9739,2.9687,2.9989,2.9955
NaN,NaN,NaN,NaN,NaN,NaN,NaN,NaN,NaN,NaN,NaN,NaN,NaN,NaN,NaN,NaN
NaN,NaN,NaN,NaN,NaN,NaN,NaN,NaN,NaN,NaN,NaN,NaN,NaN,NaN,NaN,NaN
-1,-1,-1,-1,-0.66958,-1.3168,-1.8128,-4.9999,-9.4171,-9.7076,-0.11924,-1.2373,2.9264,-1.0553,2.9938,2.9868
NaN,NaN,NaN,NaN,NaN,NaN,NaN,NaN,NaN,NaN,NaN,NaN,NaN,NaN,NaN,NaN
-1,-1,-1,-1,2.4541,-1.4738,-1.4179,-4.1563,-4.7111,-9.8225,-0.11927,-1.3627,-3.1104,0.10488,3,-0.49129
NaN,NaN,NaN,NaN,NaN,NaN,NaN,NaN,NaN,NaN,NaN,NaN,NaN,NaN,NaN,NaN
NaN,NaN,NaN,NaN,NaN,NaN,NaN,NaN,NaN,NaN,NaN,NaN,NaN,NaN,NaN,NaN
NaN,NaN,NaN,NaN,NaN,NaN,NaN,NaN,NaN,NaN,NaN,NaN,NaN,NaN,NaN,NaN
-1,-1,-1,-1,2.451,-1.4738,-1.4206,-4.2144,-4.8394,-9.829,-0.11927,-1.8162,-3.2776,0.1068,2.9974,-0.19078
NaN,NaN,NaN,NaN,NaN,NaN,NaN,NaN,NaN,NaN,NaN,NaN,NaN,NaN,NaN,NaN
NaN,NaN,NaN,NaN,NaN,NaN,NaN,NaN,NaN,NaN,NaN,NaN,NaN,NaN,NaN,NaN
-1,-1,-1,-1,3,-1.4745,3,-4.5424,-0.099199,-10,-1.4632,-1.3485,-4.7584,-3.9617,-2.0858,-0.97624
NaN,NaN,NaN,NaN,NaN,NaN,NaN,NaN,NaN,NaN,NaN,NaN,NaN,NaN,NaN,NaN
NaN,NaN,NaN,NaN,NaN,NaN,NaN,NaN,NaN,NaN,NaN,NaN,NaN,NaN,NaN,NaN
-1,-1,-1,-1,-0.66958,-1.3168,-1.8023,-4.9999,-9.4172,-9.7077,-0.11924,-1.0968,2.9325,-0.030874,2.9893,2.9869
-1,-1,-1,-1,2.8418,-1.4743,-1.8815,-4.6356,-5.2249,-9.9152,-0.11924,-0.79118,-2.1403,2.0646,2.9972,2.4654
-1,-1,-1,-1,1.5422,2.8881,-4.9965,-4.8754,-5.9058,-6.2491,-0.11923,-0.59434,-4.8083,2.1152,2.9996,-0.43865
-1,-1,-1,-1,2.4494,-1.4738,-1.4159,-3.5083,-4.2035,-9.7434,-0.11927,-1.1401,-3.3148,0.10331,2.9972,-0.83582
NaN,NaN,NaN,NaN,NaN,NaN,NaN,NaN,NaN,NaN,NaN,NaN,NaN,NaN,NaN,NaN
NaN,NaN,NaN,NaN,NaN,NaN,NaN,NaN,NaN,NaN,NaN,NaN,NaN,NaN,NaN,NaN
NaN,NaN,NaN,NaN,NaN,NaN,NaN,NaN,NaN,NaN,NaN,NaN,NaN,NaN,NaN,NaN
-1,-1,-1,-1,-0.66958,-1.3168,-1.8008,-4.9999,-9.3618,-9.6678,-0.11924,-1.2007,2.9122,-1.0046,2.9901,2.9837
-1,-1,-1,-1,-0.66958,-1.3168,-1.835,-5,-9.761,-9.9945,-0.11924,-1.2856,2.9566,-1.0084,2.9995,2.9925
-1,-1,-1,-1,2.448,-1.4738,-1.4161,-4.3717,-5.2961,-9.8555,-0.11927,-1.0713,-2.7963,0.1033,2.9963,-0.63745
NaN,NaN,NaN,NaN,NaN,NaN,NaN,NaN,NaN,NaN,NaN,NaN,NaN,NaN,NaN,NaN
NaN,NaN,NaN,NaN,NaN,NaN,NaN,NaN,NaN,NaN,NaN,NaN,NaN,NaN,NaN,NaN
-1,-1,-1,-1,-0.66958,-1.3168,-1.8352,-5,-9.7224,-9.9944,-0.11924,-1.294,2.9564,-0.98621,2.9996,2.9925
NaN,NaN,NaN,NaN,NaN,NaN,NaN,NaN,NaN,NaN,NaN,NaN,NaN,NaN,NaN,NaN
-1,-1,-1,-1,-0.66958,-1.3168,-1.8136,-4.9999,-9.4171,-9.7076,-0.11924,-1.239,2.926,-0.91331,2.994,2.9868
-1,-1,-1,-1,2.451,-1.4738,-1.418,-3.6147,-4.2692,-9.8031,-0.11927,-1.1795,-3.1604,0.10508,2.9992,-1.1236
-1,-1,-1,-1,-0.66958,-1.3168,-1.8023,-4.9999,-9.3618,-9.6678,-0.11924,-1.1723,2.9121,-0.9588,2.9907,2.9838
NaN,NaN,NaN,NaN,NaN,NaN,NaN,NaN,NaN,NaN,NaN,NaN,NaN,NaN,NaN,NaN
NaN,NaN,NaN,NaN,NaN,NaN,NaN,NaN,NaN,NaN,NaN,NaN,NaN,NaN,NaN,NaN
NaN,NaN,NaN,NaN,NaN,NaN,NaN,NaN,NaN,NaN,NaN,NaN,NaN,NaN,NaN,NaN
NaN,NaN,NaN,NaN,NaN,NaN,NaN,NaN,NaN,NaN,NaN,NaN,NaN,NaN,NaN,NaN
NaN,NaN,NaN,NaN,NaN,NaN,NaN,NaN,NaN,NaN,NaN,NaN,NaN,NaN,NaN,NaN
NaN,NaN,NaN,NaN,NaN,NaN,NaN,NaN,NaN,NaN,NaN,NaN,NaN,NaN,NaN,NaN
NaN,NaN,NaN,NaN,NaN,NaN,NaN,NaN,NaN,NaN,NaN,NaN,NaN,NaN,NaN,NaN
NaN,NaN,NaN,NaN,NaN,NaN,NaN,NaN,NaN,NaN,NaN,NaN,NaN,NaN,NaN,NaN
NaN,NaN,NaN,NaN,NaN,NaN,NaN,NaN,NaN,NaN,NaN,NaN,NaN,NaN,NaN,NaN
NaN,NaN,NaN,NaN,NaN,NaN,NaN,NaN,NaN,NaN,NaN,NaN,NaN,NaN,NaN,NaN
NaN,NaN,NaN,NaN,NaN,NaN,NaN,NaN,NaN,NaN,NaN,NaN,NaN,NaN,NaN,NaN
-1,-1,-1,-1,-0.66958,-1.3168,-1.8024,-4.9999,-9.4172,-9.7077,-0.11924,-1.1013,2.9321,-0.061582,2.9894,2.9869
NaN,NaN,NaN,NaN,NaN,NaN,NaN,NaN,NaN,NaN,NaN,NaN,NaN,NaN,NaN,NaN
NaN,NaN,NaN,NaN,NaN,NaN,NaN,NaN,NaN,NaN,NaN,NaN,NaN,NaN,NaN,NaN
-1,-1,-1,-1,-0.66958,-1.3168,-1.8377,-5,-9.7453,-9.9062,-0.11924,-1.0588,2.9746,-0.97065,2.9996,2.9956
NaN,NaN,NaN,NaN,NaN,NaN,NaN,NaN,NaN,NaN,NaN,NaN,NaN,NaN,NaN,NaN
NaN,NaN,NaN,NaN,NaN,NaN,NaN,NaN,NaN,NaN,NaN,NaN,NaN,NaN,NaN,NaN
-1,-1,-1,-1,1.4183,2.9169,2.6767,-2.1353,0.9944,0.74727,-0.75112,-0.32089,-2.2498,-0.97176,-0.47505,-1.4604
-1,-1,-1,-1,-4.9953,-0.83315,-2.5542,-5,-0.85148,-2.6505,2.0144,0.86527,-3.2861,0.53682,1.7962,-0.77254
NaN,NaN,NaN,NaN,NaN,NaN,NaN,NaN,NaN,NaN,NaN,NaN,NaN,NaN,NaN,NaN
NaN,NaN,NaN,NaN,NaN,NaN,NaN,NaN,NaN,NaN,NaN,NaN,NaN,NaN,NaN,NaN
NaN,NaN,NaN,NaN,NaN,NaN,NaN,NaN,NaN,NaN,NaN,NaN,NaN,NaN,NaN,NaN
-1,-1,-1,-1,-0.66958,-1.3168,-1.8144,-4.9999,-9.4171,-9.7076,-0.11924,-1.2331,2.9252,-0.98548,2.9943,2.9867
NaN,NaN,NaN,NaN,NaN,NaN,NaN,NaN,NaN,NaN,NaN,NaN,NaN,NaN,NaN,NaN
NaN,NaN,NaN,NaN,NaN,NaN,NaN,NaN,NaN,NaN,NaN,NaN,NaN,NaN,NaN,NaN
-1,-1,-1,-1,0.89001,1.608,-2.8786,-4.3563,-6.4127,-5.6417,-0.11923,1.9687,-5.4014,-1.2502,2.9877,-1.055
NaN,NaN,NaN,NaN,NaN,NaN,NaN,NaN,NaN,NaN,NaN,NaN,NaN,NaN,NaN,NaN
NaN,NaN,NaN,NaN,NaN,NaN,NaN,NaN,NaN,NaN,NaN,NaN,NaN,NaN,NaN,NaN
NaN,NaN,NaN,NaN,NaN,NaN,NaN,NaN,NaN,NaN,NaN,NaN,NaN,NaN,NaN,NaN
NaN,NaN,NaN,NaN,NaN,NaN,NaN,NaN,NaN,NaN,NaN,NaN,NaN,NaN,NaN,NaN
-1,-1,-1,-1,-1.35,-1.4439,-1.5164,-3.411,-8.969,-9.4069,-0.11929,-1.2764,-5.2452,2.945,2.9965,2.3358
-1,-1,-1,-1,2.9966,-1.4743,-1.907,-4.9921,-7.2101,-9.9878,-0.11924,-1.0724,-2.7091,2.1457,2.9995,2.4904
-1,-1,-1,-1,2.4523,-1.4738,-1.4162,-4.2272,-4.9413,-9.8553,-0.11927,-1.2948,-2.8677,0.10489,2.9997,-0.88663
-1,-1,-1,-1,0.7592,1.5766,-3.7,-2.2366,-1.1469,-0.75758,-0.11923,1.4938,-2.2729,-1.3658,2.5851,-0.9988
-1,-1,-1,-1,2.8433,-1.4743,-1.8879,-3.8353,-4.6591,-9.838,-0.11924,-1.2991,-2.6768,2.0884,2.9986,2.4712
NaN,NaN,NaN,NaN,NaN,NaN,NaN,NaN,NaN,NaN,NaN,NaN,NaN,NaN,NaN,NaN
NaN,NaN,NaN,NaN,NaN,NaN,NaN,NaN,NaN,NaN,NaN,NaN,NaN,NaN,NaN,NaN
NaN,NaN,NaN,NaN,NaN,NaN,NaN,NaN,NaN,NaN,NaN,NaN,NaN,NaN,NaN,NaN
-1,-1,-1,-1,-0.66958,-1.3168,-1.7992,-4.9999,-9.3618,-9.6678,-0.11924,-1.1987,2.9135,-0.9901,2.9894,2.9838
-1,-1,-1,-1,2.4534,-1.4738,-1.4188,-4.0158,-4.714,-9.8468,-0.11927,-1.2577,-2.1117,0.0992,2.9985,-0.29359
-1,-1,-1,-1,-0.6689,-1.3165,-0.42807,-4.9999,-9.2717,-9.6158,-0.11957,-0.75224,-3.4395,2.9981,2.8385,-1.1349
-1,-1,-1,-1,-0.66958,-1.3168,-1.8038,-4.9999,-9.3618,-9.6678,-0.11924,-1.2225,2.911,-0.957,2.9912,2.9837
-1,-1,-1,-1,2.4493,-1.4738,-1.4155,-4.1928,-4.7409,-9.8153,-0.11927,-1.5226,-2.1484,0.097599,2.9969,-1.746
NaN,NaN,NaN,NaN,NaN,NaN,NaN,NaN,NaN,NaN,NaN,NaN,NaN,NaN,NaN,NaN
-1,-1,-1,-1,-0.6689,-1.3165,-0.42925,-4.9999,-9.2992,-9.6252,-0.11957,-0.64489,-3.337,2.997,2.8382,-1.1676
NaN,NaN,NaN,NaN,NaN,NaN,NaN,NaN,NaN,NaN,NaN,NaN,NaN,NaN,NaN,NaN
-1,-1,-1,-1,-0.66958,-1.3168,-1.833,-5,-9.7136,-9.8825,-0.11924,-1.1766,2.9836,0.71988,2.9973,2.9966
-1,-1,-1,-1,-0.66958,-1.3168,-1.814,-4.9999,-9.4171,-9.7076,-0.11924,-1.2337,2.9259,-0.96464,2.9942,2.9868
-1,-1,-1,-1,2.4509,-1.4738,-1.4167,-4.1608,-4.7608,-9.8416,-0.11927,-1.2156,-2.9314,0.10412,2.9981,-0.59415
-1,-1,-1,-1,1.2485,2.9703,1.3458,-1.4289,-7.3957,0.8264,1.9128,0.64019,0.19856,-3.6537,-3.0221,0.26517
NaN,NaN,NaN,NaN,NaN,NaN,NaN,NaN,NaN,NaN,NaN,NaN,NaN,NaN,NaN,NaN
-1,-1,-1,-1,-0.66958,-1.3168,-1.7991,-4.9999,-9.4172,-9.7077,-0.11924,-1.0767,2.9318,-0.50052,2.9895,2.9874
-1,-1,-1,-1,-0.66912,-1.3166,-0.38917,-5,-9.666,-9.8644,-0.1195,-1.612,-0.53344,2.9935,2.9996,-4.1606
NaN,NaN,NaN,NaN,NaN,NaN,NaN,NaN,NaN,NaN,NaN,NaN,NaN,NaN,NaN,NaN
-1,-1,-1,-1,-0.66958,-1.3168,-1.8021,-4.9999,-9.4172,-9.7077,-0.11924,-1.0947,2.9313,0.14438,2.9895,2.9868
NaN,NaN,NaN,NaN,NaN,NaN,NaN,NaN,NaN,NaN,NaN,NaN,NaN,NaN,NaN,NaN
NaN,NaN,NaN,NaN,NaN,NaN,NaN,NaN,NaN,NaN,NaN,NaN,NaN,NaN,NaN,NaN
NaN,NaN,NaN,NaN,NaN,NaN,NaN,NaN,NaN,NaN,NaN,NaN,NaN,NaN,NaN,NaN
NaN,NaN,NaN,NaN,NaN,NaN,NaN,NaN,NaN,NaN,NaN,NaN,NaN,NaN,NaN,NaN
-1,-1,-1,-1,2.9135,1.0207,2.8233,-4.4585,-4.9112,-8.0599,-0.12327,-0.66884,2.0441,2.5385,-1.4318,-1.4587
NaN,NaN,NaN,NaN,NaN,NaN,NaN,NaN,NaN,NaN,NaN,NaN,NaN,NaN,NaN,NaN
NaN,NaN,NaN,NaN,NaN,NaN,NaN,NaN,NaN,NaN,NaN,NaN,NaN,NaN,NaN,NaN
-1,-1,-1,-1,2.4003,-1.4738,-1.4617,-0.69173,-4.5674,-9.8887,-0.11927,-1.4967,-5.6056,-0.0063226,2.9992,-1.6421
-1,-1,-1,-1,-0.66958,-1.3168,-1.8035,-4.9999,-9.4172,-9.7077,-0.11924,-1.1376,2.9321,0.76505,2.9894,2.9867
-1,-1,-1,-1,-0.66958,-1.3168,-1.8135,-4.9999,-9.417,-9.7075,-0.11924,-1.2368,2.9256,-1.1218,2.994,2.9867
NaN,NaN,NaN,NaN,NaN,NaN,NaN,NaN,NaN,NaN,NaN,NaN,NaN,NaN,NaN,NaN
-1,-1,-1,-1,2.8302,-1.4743,-1.8615,-4.3636,-5.2074,-9.8752,-0.11924,-1.0433,-3.9442,1.9713,2.9977,2.4435
-1,-1,-1,-1,2.4501,-1.4738,-1.4163,-3.5796,-4.3346,-9.7562,-0.11927,-1.1093,-3.4446,0.10335,2.9975,-0.69625
NaN,NaN,NaN,NaN,NaN,NaN,NaN,NaN,NaN,NaN,NaN,NaN,NaN,NaN,NaN,NaN
-1,-1,-1,-1,2.9996,-1.4744,2.9995,-4.9963,-7.1109,-9.9999,-0.13748,-2.3956,-5.2568,2.1097,-3.9035,-3.0696
-1,-1,-1,-1,2.4021,-1.4738,-1.4621,-0.69415,-6.5403,-9.8684,-0.11927,-1.1549,-2.8413,-0.0092864,2.9991,-2.2208
NaN,NaN,NaN,NaN,NaN,NaN,NaN,NaN,NaN,NaN,NaN,NaN,NaN,NaN,NaN,NaN
NaN,NaN,NaN,NaN,NaN,NaN,NaN,NaN,NaN,NaN,NaN,NaN,NaN,NaN,NaN,NaN
NaN,NaN,NaN,NaN,NaN,NaN,NaN,NaN,NaN,NaN,NaN,NaN,NaN,NaN,NaN,NaN
NaN,NaN,NaN,NaN,NaN,NaN,NaN,NaN,NaN,NaN,NaN,NaN,NaN,NaN,NaN,NaN
-1,-1,-1,-1,-0.66958,-1.3168,-1.8134,-4.9999,-9.4171,-9.7076,-0.11924,-1.2314,2.926,-0.98992,2.994,2.9868
-1,-1,-1,-1,2.8385,-1.4743,-1.8774,-3.4904,-4.7439,-9.8341,-0.11924,-1.3004,-2.9083,2.0423,2.9986,2.4607
NaN,NaN,NaN,NaN,NaN,NaN,NaN,NaN,NaN,NaN,NaN,NaN,NaN,NaN,NaN,NaN
-1,-1,-1,-1,2.1644,1.3317,-4.3808,-2.9447,-3.4953,-4.0804,-0.11923,-0.37449,-6.8913,0.92521,2.9118,-2.5161
NaN,NaN,NaN,NaN,NaN,NaN,NaN,NaN,NaN,NaN,NaN,NaN,NaN,NaN,NaN,NaN
-1,-1,-1,-1,-0.66958,-1.3168,-1.8002,-4.9999,-9.3618,-9.6678,-0.11924,-1.205,2.9127,-0.76551,2.9899,2.9838
NaN,NaN,NaN,NaN,NaN,NaN,NaN,NaN,NaN,NaN,NaN,NaN,NaN,NaN,NaN,NaN
NaN,NaN,NaN,NaN,NaN,NaN,NaN,NaN,NaN,NaN,NaN,NaN,NaN,NaN,NaN,NaN
-1,-1,-1,-1,2.8358,-1.4743,-1.8721,-3.8898,-4.6254,-9.8505,-0.11924,-1.2999,-3.1403,2.0186,2.9987,2.4552
NaN,NaN,NaN,NaN,NaN,NaN,NaN,NaN,NaN,NaN,NaN,NaN,NaN,NaN,NaN,NaN
-1,-1,-1,-1,2.4548,-1.4738,-1.4188,-4.0026,-4.6608,-9.8465,-0.11927,-1.2625,-4.0221,0.1022,2.9986,-0.31484
-1,-1,-1,-1,2.8433,-1.4743,-1.8905,-2.0586,-4.3383,-9.8047,-0.11924,-1.1519,-1.9457,2.0952,2.9982,2.4727
NaN,NaN,NaN,NaN,NaN,NaN,NaN,NaN,NaN,NaN,NaN,NaN,NaN,NaN,NaN,NaN
-1,-1,-1,-1,-0.66958,-1.3168,-1.8028,-4.9999,-9.4172,-9.7077,-0.11924,-1.1042,2.9317,-0.10016,2.9895,2.9868
-1,-1,-1,-1,-0.66958,-1.3168,-1.8013,-4.9999,-9.3618,-9.6679,-0.11924,-1.2092,2.9123,-0.96838,2.9903,2.9838
-1,-1,-1,-1,-0.66958,-1.3168,-1.8015,-4.9999,-9.4172,-9.7077,-0.11924,-1.0801,2.9319,-0.41592,2.9895,2.9871
NaN,NaN,NaN,NaN,NaN,NaN,NaN,NaN,NaN,NaN,NaN,NaN,NaN,NaN,NaN,NaN
NaN,NaN,NaN,NaN,NaN,NaN,NaN,NaN,NaN,NaN,NaN,NaN,NaN,NaN,NaN,NaN
NaN,NaN,NaN,NaN,NaN,NaN,NaN,NaN,NaN,NaN,NaN,NaN,NaN,NaN,NaN,NaN
NaN,NaN,NaN,NaN,NaN,NaN,NaN,NaN,NaN,NaN,NaN,NaN,NaN,NaN,NaN,NaN
NaN,NaN,NaN,NaN,NaN,NaN,NaN,NaN,NaN,NaN,NaN,NaN,NaN,NaN,NaN,NaN
NaN,NaN,NaN,NaN,NaN,NaN,NaN,NaN,NaN,NaN,NaN,NaN,NaN,NaN,NaN,NaN
-1,-1,-1,-1,-0.66958,-1.3168,-1.7994,-4.9999,-9.3618,-9.6678,-0.11924,-1.1993,2.9138,-0.98572,2.9895,2.9839
NaN,NaN,NaN,NaN,NaN,NaN,NaN,NaN,NaN,NaN,NaN,NaN,NaN,NaN,NaN,NaN
NaN,NaN,NaN,NaN,NaN,NaN,NaN,NaN,NaN,NaN,NaN,NaN,NaN,NaN,NaN,NaN
NaN,NaN,NaN,NaN,NaN,NaN,NaN,NaN,NaN,NaN,NaN,NaN,NaN,NaN,NaN,NaN
NaN,NaN,NaN,NaN,NaN,NaN,NaN,NaN,NaN,NaN,NaN,NaN,NaN,NaN,NaN,NaN
-1,-1,-1,-1,-0.66958,-1.3168,-1.8025,-4.9999,-9.3618,-9.6678,-0.11924,-1.2078,2.9121,-0.98483,2.9907,2.9839
NaN,NaN,NaN,NaN,NaN,NaN,NaN,NaN,NaN,NaN,NaN,NaN,NaN,NaN,NaN,NaN
NaN,NaN,NaN,NaN,NaN,NaN,NaN,NaN,NaN,NaN,NaN,NaN,NaN,NaN,NaN,NaN
NaN,NaN,NaN,NaN,NaN,NaN,NaN,NaN,NaN,NaN,NaN,NaN,NaN,NaN,NaN,NaN
NaN,NaN,NaN,NaN,NaN,NaN,NaN,NaN,NaN,NaN,NaN,NaN,NaN,NaN,NaN,NaN
-1,-1,-1,-1,2.382,2.8673,-3.5299,-4.9167,-5.9771,-6.3337,-0.11923,1.628,-9.0073,-0.3944,2.9996,-0.50824
NaN,NaN,NaN,NaN,NaN,NaN,NaN,NaN,NaN,NaN,NaN,NaN,NaN,NaN,NaN,NaN
NaN,NaN,NaN,NaN,NaN,NaN,NaN,NaN,NaN,NaN,NaN,NaN,NaN,NaN,NaN,NaN
-1,-1,-1,-1,2.4525,-1.4738,-1.4166,-3.5921,-4.3671,-9.9707,-0.11927,-1.5585,-5.3132,0.1051,2.9996,-0.92555
NaN,NaN,NaN,NaN,NaN,NaN,NaN,NaN,NaN,NaN,NaN,NaN,NaN,NaN,NaN,NaN
-1,-1,-1,-1,2.4517,-1.4738,-1.4164,-3.6007,-4.3827,-9.815,-0.11927,-1.2421,-2.8711,0.1036,2.999,-0.89986
-1,-1,-1,-1,2.4501,-1.4738,-1.4162,-4.7159,-5.3255,-9.7889,-0.11927,-0.83043,-1.8752,0.09442,2.9975,-0.6741
-1,-1,-1,-1,-0.66925,-1.3168,2.9907,-5,-9.7082,-9.8878,-0.14495,-0.85477,0.67087,1.0224,-1.1933,-1.0438
-1,-1,-1,-1,-0.66958,-1.3168,-1.8224,-4.9999,-9.4172,-9.7077,-0.11924,-1.2362,2.9103,2.9372,2.9974,2.9844
-1,-1,-1,-1,2.4519,-1.4738,-1.416,-4.7312,-6.4678,-9.9759,-0.11927,-1.4719,-2.8793,0.10414,2.9996,-1.7732
-1,-1,-1,-1,2.4529,-1.4738,-1.4168,-4.753,-5.9261,-9.9661,-0.11927,-1.3877,-4.1495,0.10442,3,-2.3674
NaN,NaN,NaN,NaN,NaN,NaN,NaN,NaN,NaN,NaN,NaN,NaN,NaN,NaN,NaN,NaN
NaN,NaN,NaN,NaN,NaN,NaN,NaN,NaN,NaN,NaN,NaN,NaN,NaN,NaN,NaN,NaN
NaN,NaN,NaN,NaN,NaN,NaN,NaN,NaN,NaN,NaN,NaN,NaN,NaN,NaN,NaN,NaN
NaN,NaN,NaN,NaN,NaN,NaN,NaN,NaN,NaN,NaN,NaN,NaN,NaN,NaN,NaN,NaN
-1,-1,-1,-1,2.4465,-1.4738,-1.4166,-2.06,-2.6833,-9.7406,-0.11927,-0.72108,-8.863,0.097275,2.9973,-4.513
-1,-1,-1,-1,-4.9896,-0.46659,-2.5012,-4.9999,0.64573,0.11449,-0.11924,1.5654,-6.258,-1.3592,2.526,-1.2906
-1,-1,-1,-1,-0.66958,-1.3168,-1.8357,-5,-9.711,-9.8874,-0.11924,-1.1466,2.9821,2.9912,2.9989,2.9969
NaN,NaN,NaN,NaN,NaN,NaN,NaN,NaN,NaN,NaN,NaN,NaN,NaN,NaN,NaN,NaN
NaN,NaN,NaN,NaN,NaN,NaN,NaN,NaN,NaN,NaN,NaN,NaN,NaN,NaN,NaN,NaN
-1,-1,-1,-1,-0.66868,-1.3164,0.22224,-5,-9.7609,-9.9977,-0.12009,2.315,-4.922,-1.0987,3,-0.099094
NaN,NaN,NaN,NaN,NaN,NaN,NaN,NaN,NaN,NaN,NaN,NaN,NaN,NaN,NaN,NaN
NaN,NaN,NaN,NaN,NaN,NaN,NaN,NaN,NaN,NaN,NaN,NaN,NaN,NaN,NaN,NaN
-1,-1,-1,-1,2.4532,-1.4738,-1.4159,-4.704,-5.7044,-9.9665,-0.11927,-1.9488,-3.3899,0.10319,2.9996,-1.6007
-1,-1,-1,-1,2.4528,-1.4738,-1.4154,-4.5236,-5.0082,-9.8984,-0.11927,-0.81131,-2.157,0.097523,2.9995,-3.6837
NaN,NaN,NaN,NaN,NaN,NaN,NaN,NaN,NaN,NaN,NaN,NaN,NaN,NaN,NaN,NaN
NaN,NaN,NaN,NaN,NaN,NaN,NaN,NaN,NaN,NaN,NaN,NaN,NaN,NaN,NaN,NaN
-1,-1,-1,-1,1.7677,2.9648,1.8392,-0.6437,1.0096,2.6222,0.54995,0.46245,-5.62,-4.1263,-3.24,-2.7789
NaN,NaN,NaN,NaN,NaN,NaN,NaN,NaN,NaN,NaN,NaN,NaN,NaN,NaN,NaN,NaN
NaN,NaN,NaN,NaN,NaN,NaN,NaN,NaN,NaN,NaN,NaN,NaN,NaN,NaN,NaN,NaN
-1,-1,-1,-1,-0.66903,-1.3166,-0.31769,-5,-9.6039,-9.823,-0.11954,1.7768,-6.2929,2.9979,2.999,-0.95166
-1,-1,-1,-1,-0.66903,-1.3166,-0.31061,-5,-9.6435,-9.8442,-0.11954,1.778,-4.0125,2.9982,2.9992,-1.4707
NaN,NaN,NaN,NaN,NaN,NaN,NaN,NaN,NaN,NaN,NaN,NaN,NaN,NaN,NaN,NaN
-1,-1,-1,-1,-0.66958,-1.3168,-1.8372,-5,-9.7542,-9.9097,-0.11924,-1.2758,2.9882,2.9848,2.9991,2.9979
NaN,NaN,NaN,NaN,NaN,NaN,NaN,NaN,NaN,NaN,NaN,NaN,NaN,NaN,NaN,NaN
-1,-1,-1,-1,-0.66958,-1.3168,-1.8206,-4.9999,-9.4166,-9.7071,-0.11924,-1.2528,2.9179,-0.99,2.9966,2.9857
NaN,NaN,NaN,NaN,NaN,NaN,NaN,NaN,NaN,NaN,NaN,NaN,NaN,NaN,NaN,NaN
-1,-1,-1,-1,3,-1.4745,3,0.59741,-6.7126,-9.9999,3,-2.3608,-4.2245,-3.5317,-1.5775,-2.1939
NaN,NaN,NaN,NaN,NaN,NaN,NaN,NaN,NaN,NaN,NaN,NaN,NaN,NaN,NaN,NaN
-1,-1,-1,-1,-0.66903,-1.3166,-0.31449,-4.9999,-9.413,-9.7042,-0.11954,1.7742,-3.6546,2.997,2.9978,-1.2167
NaN,NaN,NaN,NaN,NaN,NaN,NaN,NaN,NaN,NaN,NaN,NaN,NaN,NaN,NaN,NaN
-1,-1,-1,-1,-1.3504,-1.4439,-1.5165,-3.411,-9.1676,-9.57,-0.11929,-1.456,-5.5415,2.95,2.9991,2.3384
NaN,NaN,NaN,NaN,NaN,NaN,NaN,NaN,NaN,NaN,NaN,NaN,NaN,NaN,NaN,NaN
-1,-1,-1,-1,-0.66903,-1.3166,-0.31319,-5,-9.6966,-9.8568,-0.11954,1.7818,-4.4912,2.9972,2.9999,-0.62887
NaN,NaN,NaN,NaN,NaN,NaN,NaN,NaN,NaN,NaN,NaN,NaN,NaN,NaN,NaN,NaN
NaN,NaN,NaN,NaN,NaN,NaN,NaN,NaN,NaN,NaN,NaN,NaN,NaN,NaN,NaN,NaN
-1,-1,-1,-1,-1.35,-1.4439,-1.5177,-3.411,-8.9147,-9.3748,-0.11929,-1.2505,-5.0883,2.9468,2.9918,2.333
NaN,NaN,NaN,NaN,NaN,NaN,NaN,NaN,NaN,NaN,NaN,NaN,NaN,NaN,NaN,NaN
-1,-1,-1,-1,-0.66958,-1.3168,-1.8122,-4.9999,-9.4171,-9.7076,-0.11924,-1.2473,2.9267,-0.96944,2.9936,2.9868
-1,-1,-1,-1,2.4501,-1.4738,-1.4155,-4.271,-5.2819,-9.8563,-0.11927,-1.2046,-2.0781,0.09753,2.9978,-1.7165
NaN,NaN,NaN,NaN,NaN,NaN,NaN,NaN,NaN,NaN,NaN,NaN,NaN,NaN,NaN,NaN
NaN,NaN,NaN,NaN,NaN,NaN,NaN,NaN,NaN,NaN,NaN,NaN,NaN,NaN,NaN,NaN
-1,-1,-1,-1,-0.66958,-1.3168,-1.8304,-5,-9.6683,-9.8666,-0.11924,-1.2491,2.9767,-0.99485,2.9975,2.9959
NaN,NaN,NaN,NaN,NaN,NaN,NaN,NaN,NaN,NaN,NaN,NaN,NaN,NaN,NaN,NaN
-1,-1,-1,-1,-0.66958,-1.3168,-1.795,-4.9999,-9.3618,-9.6678,-0.11924,-1.1102,2.9167,0.04045,2.9867,2.9834
-1,-1,-1,-1,2.4507,-1.4738,-1.4158,-3.6841,-4.9743,-9.7662,-0.11927,-2.9344,-7.4469,0.10199,2.9976,-2.498
NaN,NaN,NaN,NaN,NaN,NaN,NaN,NaN,NaN,NaN,NaN,NaN,NaN,NaN,NaN,NaN
NaN,NaN,NaN,NaN,NaN,NaN,NaN,NaN,NaN,NaN,NaN,NaN,NaN,NaN,NaN,NaN
-1,-1,-1,-1,-0.66958,-1.3168,-1.7957,-4.9999,-9.3618,-9.6678,-0.11924,-1.0916,2.9164,-0.060857,2.9871,2.9835
NaN,NaN,NaN,NaN,NaN,NaN,NaN,NaN,NaN,NaN,NaN,NaN,NaN,NaN,NaN,NaN
NaN,NaN,NaN,NaN,NaN,NaN,NaN,NaN,NaN,NaN,NaN,NaN,NaN,NaN,NaN,NaN
-1,-1,-1,-1,2.4447,-1.4738,-1.414,-3.8524,-4.6245,-9.645,-0.11927,-1.0404,-3.6258,0.10038,2.9932,-0.92284
-1,-1,-1,-1,-0.66868,-1.3164,0.22329,-5,-9.0428,-9.4454,-0.1201,2.3124,-4.5644,-1.1048,2.9974,-1.3711
NaN,NaN,NaN,NaN,NaN,NaN,NaN,NaN,NaN,NaN,NaN,NaN,NaN,NaN,NaN,NaN
-1,-1,-1,-1,2.9985,-1.4743,-1.9394,-4.745,-5.7359,-9.9776,-0.11924,-1.5327,-3.2715,2.2979,2.9996,2.5225
-1,-1,-1,-1,2.4494,-1.4738,-1.4167,-3.7649,-5.0222,-9.7461,-0.11927,-1.1235,-4.0557,0.10359,2.9973,-0.90666
NaN,NaN,NaN,NaN,NaN,NaN,NaN,NaN,NaN,NaN,NaN,NaN,NaN,NaN,NaN,NaN
NaN,NaN,NaN,NaN,NaN,NaN,NaN,NaN,NaN,NaN,NaN,NaN,NaN,NaN,NaN,NaN
NaN,NaN,NaN,NaN,NaN,NaN,NaN,NaN,NaN,NaN,NaN,NaN,NaN,NaN,NaN,NaN
NaN,NaN,NaN,NaN,NaN,NaN,NaN,NaN,NaN,NaN,NaN,NaN,NaN,NaN,NaN,NaN
-1,-1,-1,-1,-0.6691,-1.3166,-0.38848,-5,-9.9542,-9.9915,-0.1195,-1.1678,-0.22569,-1.1608,3,-0.72475
NaN,NaN,NaN,NaN,NaN,NaN,NaN,NaN,NaN,NaN,NaN,NaN,NaN,NaN,NaN,NaN
-1,-1,-1,-1,2.4513,-1.4738,-1.4167,-3.9977,-4.6399,-9.8171,-0.11927,-1.1991,-3.4271,0.1035,2.998,-0.63668
NaN,NaN,NaN,NaN,NaN,NaN,NaN,NaN,NaN,NaN,NaN,NaN,NaN,NaN,NaN,NaN
NaN,NaN,NaN,NaN,NaN,NaN,NaN,NaN,NaN,NaN,NaN,NaN,NaN,NaN,NaN,NaN
NaN,NaN,NaN,NaN,NaN,NaN,NaN,NaN,NaN,NaN,NaN,NaN,NaN,NaN,NaN,NaN
NaN,NaN,NaN,NaN,NaN,NaN,NaN,NaN,NaN,NaN,NaN,NaN,NaN,NaN,NaN,NaN
-1,-1,-1,-1,-0.66958,-1.3168,-1.811,-4.9999,-9.4171,-9.7076,-0.11924,-1.2093,2.9269,-0.9017,2.9931,2.9868
NaN,NaN,NaN,NaN,NaN,NaN,NaN,NaN,NaN,NaN,NaN,NaN,NaN,NaN,NaN,NaN
NaN,NaN,NaN,NaN,NaN,NaN,NaN,NaN,NaN,NaN,NaN,NaN,NaN,NaN,NaN,NaN
NaN,NaN,NaN,NaN,NaN,NaN,NaN,NaN,NaN,NaN,NaN,NaN,NaN,NaN,NaN,NaN
-1,-1,-1,-1,2.45,-1.4738,-1.4152,-4.2533,-4.879,-9.8268,-0.11927,-0.93206,-3.2966,0.10046,2.9969,-1.2329
NaN,NaN,NaN,NaN,NaN,NaN,NaN,NaN,NaN,NaN,NaN,NaN,NaN,NaN,NaN,NaN
-1,-1,-1,-1,2.4524,-1.4738,-1.4157,-4.061,-4.7962,-9.8532,-0.11927,-1.0997,-4.2529,0.10127,2.9986,-2.1718
NaN,NaN,NaN,NaN,NaN,NaN,NaN,NaN,NaN,NaN,NaN,NaN,NaN,NaN,NaN,NaN
-1,-1,-1,-1,-0.66958,-1.3168,-1.7949,-4.9999,-9.3618,-9.6678,-0.11924,-1.1564,2.9162,1.489,2.987,2.9835
-1,-1,-1,-1,-0.66958,-1.3168,-1.8332,-5,-9.7062,-9.8845,-0.11924,-1.2754,2.9798,-0.98892,2.9982,2.9964
NaN,NaN,NaN,NaN,NaN,NaN,NaN,NaN,NaN,NaN,NaN,NaN,NaN,NaN,NaN,NaN
-1,-1,-1,-1,2.8833,1.5718,2.9684,-2.6466,-7.0528,-0.27023,2.7756,-2.7501,0.1773,0.21738,-0.090712,-2.2017
-1,-1,-1,-1,-0.66958,-1.3168,-1.8091,-4.9999,-9.4172,-9.7077,-0.11924,-1.2176,2.9285,-0.99015,2.9924,2.987
NaN,NaN,NaN,NaN,NaN,NaN,NaN,NaN,NaN,NaN,NaN,NaN,NaN,NaN,NaN,NaN
-1,-1,-1,-1,2.4513,-1.4738,-1.4163,-4.1549,-4.8226,-9.8286,-0.11927,-1.2083,-3.1595,0.10157,2.9976,-0.80747
-1,-1,-1,-1,2.998,-1.4745,2.9853,0.26582,-2.7253,-9.9723,1.2413,0.444,-4.8913,0.91639,1.2545,-2.8262
NaN,NaN,NaN,NaN,NaN,NaN,NaN,NaN,NaN,NaN,NaN,NaN,NaN,NaN,NaN,NaN
NaN,NaN,NaN,NaN,NaN,NaN,NaN,NaN,NaN,NaN,NaN,NaN,NaN,NaN,NaN,NaN
NaN,NaN,NaN,NaN,NaN,NaN,NaN,NaN,NaN,NaN,NaN,NaN,NaN,NaN,NaN,NaN
NaN,NaN,NaN,NaN,NaN,NaN,NaN,NaN,NaN,NaN,NaN,NaN,NaN,NaN,NaN,NaN
-1,-1,-1,-1,2.9961,-1.4745,2.9903,0.26365,-5.5333,-9.9674,0.84396,0.74119,-1.7634,0.92087,-2.8839,-2.508
NaN,NaN,NaN,NaN,NaN,NaN,NaN,NaN,NaN,NaN,NaN,NaN,NaN,NaN,NaN,NaN
NaN,NaN,NaN,NaN,NaN,NaN,NaN,NaN,NaN,NaN,NaN,NaN,NaN,NaN,NaN,NaN
NaN,NaN,NaN,NaN,NaN,NaN,NaN,NaN,NaN,NaN,NaN,NaN,NaN,NaN,NaN,NaN
-1,-1,-1,-1,-0.66958,-1.3168,-1.794,-4.9999,-9.3618,-9.6678,-0.11924,-1.0817,2.9171,-0.55666,2.9872,2.984
-1,-1,-1,-1,-0.66958,-1.3168,-1.8122,-4.9999,-9.4171,-9.7076,-0.11924,-1.2273,2.9267,-0.99203,2.9936,2.9868
NaN,NaN,NaN,NaN,NaN,NaN,NaN,NaN,NaN,NaN,NaN,NaN,NaN,NaN,NaN,NaN
NaN,NaN,NaN,NaN,NaN,NaN,NaN,NaN,NaN,NaN,NaN,NaN,NaN,NaN,NaN,NaN
NaN,NaN,NaN,NaN,NaN,NaN,NaN,NaN,NaN,NaN,NaN,NaN,NaN,NaN,NaN,NaN
NaN,NaN,NaN,NaN,NaN,NaN,NaN,NaN,NaN,NaN,NaN,NaN,NaN,NaN,NaN,NaN
NaN,NaN,NaN,NaN,NaN,NaN,NaN,NaN,NaN,NaN,NaN,NaN,NaN,NaN,NaN,NaN
-1,-1,-1,-1,2.4516,-1.4738,-1.4172,-4.1486,-4.8716,-9.8577,-0.11927,-1.1478,-3.7063,0.10553,2.9986,-0.47071
-1,-1,-1,-1,-0.66958,-1.3168,-1.7995,-4.9999,-9.3618,-9.6678,-0.11924,-1.2021,2.9129,-0.98669,2.9895,2.9838
-1,-1,-1,-1,2.4515,-1.4738,-1.4162,-3.4665,-4.3255,-9.789,-0.11927,-1.2908,-3.7542,0.10273,2.9982,-0.87178
-1,-1,-1,-1,-0.66958,-1.3168,-1.8024,-4.9999,-9.4172,-9.7077,-0.11924,-1.1039,2.9324,0.13187,2.9893,2.9869
NaN,NaN,NaN,NaN,NaN,NaN,NaN,NaN,NaN,NaN,NaN,NaN,NaN,NaN,NaN,NaN
-1,-1,-1,-1,-0.66903,-1.3166,-0.31059,-5,-9.6397,-9.843,-0.11954,1.7779,-4.3814,2.9985,2.9992,-1.1754
NaN,NaN,NaN,NaN,NaN,NaN,NaN,NaN,NaN,NaN,NaN,NaN,NaN,NaN,NaN,NaN
-1,-1,-1,-1,2.4514,-1.4738,-1.4165,-3.5192,-4.9805,-9.8161,-0.11927,-1.2384,-3.3317,0.10319,2.9985,-0.97789
-1,-1,-1,-1,-0.66958,-1.3168,-1.8055,-4.9999,-9.3687,-9.6678,-0.11924,-1.1957,2.9127,-0.97498,2.9918,2.9842
-1,-1,-1,-1,2.875,1.605,1.0848,-4.89,-8.3698,-0.69363,2.1302,-1.5333,-1.5184,-0.66308,0.15745,-1.7134
-1,-1,-1,-1,2.9976,-1.4745,2.9924,-0.19162,-7.3842,-9.9706,2.8606,-1.6052,0.67304,-1.8848,0.06428,-1.4152
-1,-1,-1,-1,-0.66958,-1.3168,-1.7997,-4.9999,-9.3618,-9.6678,-0.11924,-1.1961,2.9133,-0.98352,2.9896,2.9838
-1,-1,-1,-1,2.8349,-1.4743,-1.8698,-4.3627,-5.0975,-9.8701,-0.11924,-0.85597,-1.9619,2.0083,2.9993,2.4533
NaN,NaN,NaN,NaN,NaN,NaN,NaN,NaN,NaN,NaN,NaN,NaN,NaN,NaN,NaN,NaN
-1,-1,-1,-1,-0.66958,-1.3168,-1.8007,-4.9999,-9.3618,-9.6678,-0.11924,-1.3032,2.9142,-0.56132,2.99,2.9841
NaN,NaN,NaN,NaN,NaN,NaN,NaN,NaN,NaN,NaN,NaN,NaN,NaN,NaN,NaN,NaN
NaN,NaN,NaN,NaN,NaN,NaN,NaN,NaN,NaN,NaN,NaN,NaN,NaN,NaN,NaN,NaN
NaN,NaN,NaN,NaN,NaN,NaN,NaN,NaN,NaN,NaN,NaN,NaN,NaN,NaN,NaN,NaN
NaN,NaN,NaN,NaN,NaN,NaN,NaN,NaN,NaN,NaN,NaN,NaN,NaN,NaN,NaN,NaN
NaN,NaN,NaN,NaN,NaN,NaN,NaN,NaN,NaN,NaN,NaN,NaN,NaN,NaN,NaN,NaN
NaN,NaN,NaN,NaN,NaN,NaN,NaN,NaN,NaN,NaN,NaN,NaN,NaN,NaN,NaN,NaN
-1,-1,-1,-1,2.4423,-1.4738,-1.4143,-2.9076,-3.8302,-9.4668,-0.11927,-0.79372,-4.7256,0.10132,2.9927,-0.88942
-1,-1,-1,-1,2.4529,-1.4738,-1.4161,-4.8881,-6.2137,-9.9872,-0.11927,-1.8329,-3.2707,0.10366,2.9998,-3.1374
NaN,NaN,NaN,NaN,NaN,NaN,NaN,NaN,NaN,NaN,NaN,NaN,NaN,NaN,NaN,NaN
NaN,NaN,NaN,NaN,NaN,NaN,NaN,NaN,NaN,NaN,NaN,NaN,NaN,NaN,NaN,NaN
-1,-1,-1,-1,2.9999,-1.4743,-1.8948,-4.9766,-7.1461,-9.998,-0.11924,-1.4907,-2.9889,2.09,3,2.4786
NaN,NaN,NaN,NaN,NaN,NaN,NaN,NaN,NaN,NaN,NaN,NaN,NaN,NaN,NaN,NaN
NaN,NaN,NaN,NaN,NaN,NaN,NaN,NaN,NaN,NaN,NaN,NaN,NaN,NaN,NaN,NaN
NaN,NaN,NaN,NaN,NaN,NaN,NaN,NaN,NaN,NaN,NaN,NaN,NaN,NaN,NaN,NaN
NaN,NaN,NaN,NaN,NaN,NaN,NaN,NaN,NaN,NaN,NaN,NaN,NaN,NaN,NaN,NaN
-1,-1,-1,-1,0.86925,2.0581,-4.5299,-1.1121,-2.7054,-1.6827,-0.11923,-0.70508,-5.5329,1.6734,2.9716,-1.8002
-1,-1,-1,-1,2.4518,-1.4738,-1.4163,-4.1581,-4.9827,-9.8292,-0.11927,-1.1466,-4.2375,0.10251,2.9979,-0.62361
NaN,NaN,NaN,NaN,NaN,NaN,NaN,NaN,NaN,NaN,NaN,NaN,NaN,NaN,NaN,NaN
NaN,NaN,NaN,NaN,NaN,NaN,NaN,NaN,NaN,NaN,NaN,NaN,NaN,NaN,NaN,NaN
NaN,NaN,NaN,NaN,NaN,NaN,NaN,NaN,NaN,NaN,NaN,NaN,NaN,NaN,NaN,NaN
NaN,NaN,NaN,NaN,NaN,NaN,NaN,NaN,NaN,NaN,NaN,NaN,NaN,NaN,NaN,NaN
-1,-1,-1,-1,2.9993,-1.4743,-1.912,-4.8668,-6.8612,-9.989,-0.11924,-1.0328,-2.69,2.171,2.9996,2.4959
NaN,NaN,NaN,NaN,NaN,NaN,NaN,NaN,NaN,NaN,NaN,NaN,NaN,NaN,NaN,NaN
-1,-1,-1,-1,-0.66958,-1.3168,-1.8059,-4.9999,-9.4172,-9.7077,-0.11924,-1.2024,2.9297,-0.99243,2.9913,2.987
NaN,NaN,NaN,NaN,NaN,NaN,NaN,NaN,NaN,NaN,NaN,NaN,NaN,NaN,NaN,NaN
-1,-1,-1,-1,0.98001,2.9649,-3.491,-1.2604,-0.22072,-5.6007,1.74,-4.2024,-0.31869,-2.5523,2.709,-2.4758
-1,-1,-1,-1,2.4515,-1.4738,-1.4157,-4.1959,-4.868,-9.8524,-0.11927,-0.81281,-5.0365,0.10187,2.9981,-0.89369
-1,-1,-1,-1,-0.66958,-1.3168,-1.8145,-4.9999,-9.4171,-9.7076,-0.11924,-1.2336,2.9254,-0.98586,2.9944,2.9867
NaN,NaN,NaN,NaN,NaN,NaN,NaN,NaN,NaN,NaN,NaN,NaN,NaN,NaN,NaN,NaN
NaN,NaN,NaN,NaN,NaN,NaN,NaN,NaN,NaN,NaN,NaN,NaN,NaN,NaN,NaN,NaN
NaN,NaN,NaN,NaN,NaN,NaN,NaN,NaN,NaN,NaN,NaN,NaN,NaN,NaN,NaN,NaN
NaN,NaN,NaN,NaN,NaN,NaN,NaN,NaN,NaN,NaN,NaN,NaN,NaN,NaN,NaN,NaN
NaN,NaN,NaN,NaN,NaN,NaN,NaN,NaN,NaN,NaN,NaN,NaN,NaN,NaN,NaN,NaN
-1,-1,-1,-1,-0.66958,-1.3168,-1.8069,-4.9999,-9.4172,-9.7077,-0.11924,-1.2097,2.9294,-0.99244,2.9917,2.987
-1,-1,-1,-1,-0.66958,-1.3168,-1.8056,-4.9999,-9.4172,-9.7077,-0.11924,-1.1092,2.9318,0.34275,2.9901,2.9867
NaN,NaN,NaN,NaN,NaN,NaN,NaN,NaN,NaN,NaN,NaN,NaN,NaN,NaN,NaN,NaN
NaN,NaN,NaN,NaN,NaN,NaN,NaN,NaN,NaN,NaN,NaN,NaN,NaN,NaN,NaN,NaN
NaN,NaN,NaN,NaN,NaN,NaN,NaN,NaN,NaN,NaN,NaN,NaN,NaN,NaN,NaN,NaN
NaN,NaN,NaN,NaN,NaN,NaN,NaN,NaN,NaN,NaN,NaN,NaN,NaN,NaN,NaN,NaN
NaN,NaN,NaN,NaN,NaN,NaN,NaN,NaN,NaN,NaN,NaN,NaN,NaN,NaN,NaN,NaN
NaN,NaN,NaN,NaN,NaN,NaN,NaN,NaN,NaN,NaN,NaN,NaN,NaN,NaN,NaN,NaN
NaN,NaN,NaN,NaN,NaN,NaN,NaN,NaN,NaN,NaN,NaN,NaN,NaN,NaN,NaN,NaN
NaN,NaN,NaN,NaN,NaN,NaN,NaN,NaN,NaN,NaN,NaN,NaN,NaN,NaN,NaN,NaN
NaN,NaN,NaN,NaN,NaN,NaN,NaN,NaN,NaN,NaN,NaN,NaN,NaN,NaN,NaN,NaN
NaN,NaN,NaN,NaN,NaN,NaN,NaN,NaN,NaN,NaN,NaN,NaN,NaN,NaN,NaN,NaN
NaN,NaN,NaN,NaN,NaN,NaN,NaN,NaN,NaN,NaN,NaN,NaN,NaN,NaN,NaN,NaN
NaN,NaN,NaN,NaN,NaN,NaN,NaN,NaN,NaN,NaN,NaN,NaN,NaN,NaN,NaN,NaN
